CREATE TABLE IF NOT EXISTS "auth_group" ("id" integer NOT NULL PRIMARY KEY AUTOINCREMENT, "name" varchar(150) NOT NULL UNIQUE);
CREATE UNIQUE INDEX "django_content_type_app_label_model_76bd3d3b_uniq" ON "django_content_type" ("app_label", "model");
CREATE UNIQUE INDEX "auth_group_permissions_group_id_permission_id_0cd325b0_uniq" ON "auth_group_permissions" ("group_id", "permission_id");
CREATE INDEX IF NOT EXISTS "auth_group_permissions_group_id_b120cbf9" ON "auth_group_permissions" ("group_id");
CREATE INDEX IF NOT EXISTS "auth_group_permissions_permission_id_84c5c92e" ON "auth_group_permissions" ("permission_id");
CREATE UNIQUE INDEX "auth_permission_content_type_id_codename_01ab375a_uniq" ON "auth_permission" ("content_type_id", "codename");
CREATE INDEX IF NOT EXISTS "auth_permission_content_type_id_2f476e4b" ON "auth_permission" ("content_type_id");
CREATE UNIQUE INDEX "users_user_groups_user_id_group_id_b88eab82_uniq" ON "users_user_groups" ("user_id", "group_id");
CREATE INDEX IF NOT EXISTS "users_user_groups_user_id_5f6f5a90" ON "users_user_groups" ("user_id");
CREATE INDEX IF NOT EXISTS "users_user_groups_group_id_9afc8d0e" ON "users_user_groups" ("group_id");
CREATE UNIQUE INDEX "users_user_user_permissions_user_id_permission_id_43338c45_uniq" ON "users_user_user_permissions" ("user_id", "permission_id");
CREATE INDEX IF NOT EXISTS "users_user_user_permissions_user_id_20aca447" ON "users_user_user_permissions" ("user_id");
CREATE INDEX IF NOT EXISTS "users_user_user_permissions_permission_id_0b93982e" ON "users_user_user_permissions" ("permission_id");
CREATE INDEX IF NOT EXISTS "django_admin_log_content_type_id_c4bce8eb" ON "django_admin_log" ("content_type_id");
CREATE INDEX IF NOT EXISTS "django_admin_log_user_id_c564eba6" ON "django_admin_log" ("user_id");
CREATE INDEX IF NOT EXISTS "django_session_expire_date_a5c62663" ON "django_session" ("expire_date");
CREATE INDEX IF NOT EXISTS "store_goods_company_company_name_id_5f7b55a4" ON "store_goods_company" ("company_name_id");
CREATE INDEX IF NOT EXISTS "store_goods_company_company_goods_id_900ef196" ON "store_goods_company" ("company_goods_id");
CREATE INDEX IF NOT EXISTS "store_company_goods_company_id_adb0f41e" ON "store_company_goods" ("company_id");
CREATE INDEX IF NOT EXISTS "transactions_stock_company_id_6b396d1b" ON "transactions_stock" ("company_id");
CREATE INDEX IF NOT EXISTS "transactions_stock_company_goods_id_2fa5054b" ON "transactions_stock" ("company_goods_id");
CREATE INDEX IF NOT EXISTS "transactions_stock_goods_company_id_36fc55be" ON "transactions_stock" ("goods_company_id");
CREATE INDEX IF NOT EXISTS "transactions_inward_agent_id_c02fc335" ON "transactions_inward" ("agent_id");
CREATE INDEX IF NOT EXISTS "transactions_inward_company_id_32443280" ON "transactions_inward" ("company_id");
CREATE INDEX IF NOT EXISTS "transactions_inward_company_goods_id_a76c74fd" ON "transactions_inward" ("company_goods_id");
CREATE INDEX IF NOT EXISTS "transactions_inward_goods_company_id_bba0f75a" ON "transactions_inward" ("goods_company_id");
CREATE INDEX IF NOT EXISTS "transactions_outward_agent_id_7d293aab" ON "transactions_outward" ("agent_id");
CREATE INDEX IF NOT EXISTS "transactions_outward_company_id_dc1a3f9c" ON "transactions_outward" ("company_id");
CREATE INDEX IF NOT EXISTS "transactions_outward_company_goods_id_e59e35c6" ON "transactions_outward" ("company_goods_id");
CREATE INDEX IF NOT EXISTS "transactions_outward_goods_company_id_e3ca0de6" ON "transactions_outward" ("goods_company_id");
CREATE INDEX IF NOT EXISTS "transactions_supply_return_agent_id_28b5370e" ON "transactions_supply_return" ("agent_id");
CREATE INDEX IF NOT EXISTS "transactions_supply_return_company_id_03a328a1" ON "transactions_supply_return" ("company_id");
CREATE INDEX IF NOT EXISTS "transactions_supply_return_company_goods_id_5e9333a7" ON "transactions_supply_return" ("company_goods_id");
CREATE INDEX IF NOT EXISTS "transactions_supply_return_goods_company_id_fdab9079" ON "transactions_supply_return" ("goods_company_id");
CREATE TABLE IF NOT EXISTS "auth_group_permissions" ("id" integer NOT NULL PRIMARY KEY AUTOINCREMENT, "group_id" integer NOT NULL REFERENCES "auth_group" ("id") DEFERRABLE INITIALLY DEFERRED, "permission_id" integer NOT NULL REFERENCES "auth_permission" ("id") DEFERRABLE INITIALLY DEFERRED);
CREATE UNIQUE INDEX "django_content_type_app_label_model_76bd3d3b_uniq" ON "django_content_type" ("app_label", "model");
CREATE UNIQUE INDEX "auth_group_permissions_group_id_permission_id_0cd325b0_uniq" ON "auth_group_permissions" ("group_id", "permission_id");
CREATE INDEX IF NOT EXISTS "auth_group_permissions_group_id_b120cbf9" ON "auth_group_permissions" ("group_id");
CREATE INDEX IF NOT EXISTS "auth_group_permissions_permission_id_84c5c92e" ON "auth_group_permissions" ("permission_id");
CREATE UNIQUE INDEX "auth_permission_content_type_id_codename_01ab375a_uniq" ON "auth_permission" ("content_type_id", "codename");
CREATE INDEX IF NOT EXISTS "auth_permission_content_type_id_2f476e4b" ON "auth_permission" ("content_type_id");
CREATE UNIQUE INDEX "users_user_groups_user_id_group_id_b88eab82_uniq" ON "users_user_groups" ("user_id", "group_id");
CREATE INDEX IF NOT EXISTS "users_user_groups_user_id_5f6f5a90" ON "users_user_groups" ("user_id");
CREATE INDEX IF NOT EXISTS "users_user_groups_group_id_9afc8d0e" ON "users_user_groups" ("group_id");
CREATE UNIQUE INDEX "users_user_user_permissions_user_id_permission_id_43338c45_uniq" ON "users_user_user_permissions" ("user_id", "permission_id");
CREATE INDEX IF NOT EXISTS "users_user_user_permissions_user_id_20aca447" ON "users_user_user_permissions" ("user_id");
CREATE INDEX IF NOT EXISTS "users_user_user_permissions_permission_id_0b93982e" ON "users_user_user_permissions" ("permission_id");
CREATE INDEX IF NOT EXISTS "django_admin_log_content_type_id_c4bce8eb" ON "django_admin_log" ("content_type_id");
CREATE INDEX IF NOT EXISTS "django_admin_log_user_id_c564eba6" ON "django_admin_log" ("user_id");
CREATE INDEX IF NOT EXISTS "django_session_expire_date_a5c62663" ON "django_session" ("expire_date");
CREATE INDEX IF NOT EXISTS "store_goods_company_company_name_id_5f7b55a4" ON "store_goods_company" ("company_name_id");
CREATE INDEX IF NOT EXISTS "store_goods_company_company_goods_id_900ef196" ON "store_goods_company" ("company_goods_id");
CREATE INDEX IF NOT EXISTS "store_company_goods_company_id_adb0f41e" ON "store_company_goods" ("company_id");
CREATE INDEX IF NOT EXISTS "transactions_stock_company_id_6b396d1b" ON "transactions_stock" ("company_id");
CREATE INDEX IF NOT EXISTS "transactions_stock_company_goods_id_2fa5054b" ON "transactions_stock" ("company_goods_id");
CREATE INDEX IF NOT EXISTS "transactions_stock_goods_company_id_36fc55be" ON "transactions_stock" ("goods_company_id");
CREATE INDEX IF NOT EXISTS "transactions_inward_agent_id_c02fc335" ON "transactions_inward" ("agent_id");
CREATE INDEX IF NOT EXISTS "transactions_inward_company_id_32443280" ON "transactions_inward" ("company_id");
CREATE INDEX IF NOT EXISTS "transactions_inward_company_goods_id_a76c74fd" ON "transactions_inward" ("company_goods_id");
CREATE INDEX IF NOT EXISTS "transactions_inward_goods_company_id_bba0f75a" ON "transactions_inward" ("goods_company_id");
CREATE INDEX IF NOT EXISTS "transactions_outward_agent_id_7d293aab" ON "transactions_outward" ("agent_id");
CREATE INDEX IF NOT EXISTS "transactions_outward_company_id_dc1a3f9c" ON "transactions_outward" ("company_id");
CREATE INDEX IF NOT EXISTS "transactions_outward_company_goods_id_e59e35c6" ON "transactions_outward" ("company_goods_id");
CREATE INDEX IF NOT EXISTS "transactions_outward_goods_company_id_e3ca0de6" ON "transactions_outward" ("goods_company_id");
CREATE INDEX IF NOT EXISTS "transactions_supply_return_agent_id_28b5370e" ON "transactions_supply_return" ("agent_id");
CREATE INDEX IF NOT EXISTS "transactions_supply_return_company_id_03a328a1" ON "transactions_supply_return" ("company_id");
CREATE INDEX IF NOT EXISTS "transactions_supply_return_company_goods_id_5e9333a7" ON "transactions_supply_return" ("company_goods_id");
CREATE INDEX IF NOT EXISTS "transactions_supply_return_goods_company_id_fdab9079" ON "transactions_supply_return" ("goods_company_id");
CREATE TABLE IF NOT EXISTS "auth_permission" ("id" integer NOT NULL PRIMARY KEY AUTOINCREMENT, "content_type_id" integer NOT NULL REFERENCES "django_content_type" ("id") DEFERRABLE INITIALLY DEFERRED, "codename" varchar(100) NOT NULL, "name" varchar(255) NOT NULL);
INSERT INTO "auth_permission" VALUES(1,1,'add_logentry','Can add log entry');
INSERT INTO "auth_permission" VALUES(2,1,'change_logentry','Can change log entry');
INSERT INTO "auth_permission" VALUES(3,1,'delete_logentry','Can delete log entry');
INSERT INTO "auth_permission" VALUES(4,1,'view_logentry','Can view log entry');
INSERT INTO "auth_permission" VALUES(5,2,'add_permission','Can add permission');
INSERT INTO "auth_permission" VALUES(6,2,'change_permission','Can change permission');
INSERT INTO "auth_permission" VALUES(7,2,'delete_permission','Can delete permission');
INSERT INTO "auth_permission" VALUES(8,2,'view_permission','Can view permission');
INSERT INTO "auth_permission" VALUES(9,3,'add_group','Can add group');
INSERT INTO "auth_permission" VALUES(10,3,'change_group','Can change group');
INSERT INTO "auth_permission" VALUES(11,3,'delete_group','Can delete group');
INSERT INTO "auth_permission" VALUES(12,3,'view_group','Can view group');
INSERT INTO "auth_permission" VALUES(13,4,'add_contenttype','Can add content type');
INSERT INTO "auth_permission" VALUES(14,4,'change_contenttype','Can change content type');
INSERT INTO "auth_permission" VALUES(15,4,'delete_contenttype','Can delete content type');
INSERT INTO "auth_permission" VALUES(16,4,'view_contenttype','Can view content type');
INSERT INTO "auth_permission" VALUES(17,5,'add_session','Can add session');
INSERT INTO "auth_permission" VALUES(18,5,'change_session','Can change session');
INSERT INTO "auth_permission" VALUES(19,5,'delete_session','Can delete session');
INSERT INTO "auth_permission" VALUES(20,5,'view_session','Can view session');
INSERT INTO "auth_permission" VALUES(21,6,'add_company','Can add company');
INSERT INTO "auth_permission" VALUES(22,6,'change_company','Can change company');
INSERT INTO "auth_permission" VALUES(23,6,'delete_company','Can delete company');
INSERT INTO "auth_permission" VALUES(24,6,'view_company','Can view company');
INSERT INTO "auth_permission" VALUES(25,7,'add_company_goods','Can add company_goods');
INSERT INTO "auth_permission" VALUES(26,7,'change_company_goods','Can change company_goods');
INSERT INTO "auth_permission" VALUES(27,7,'delete_company_goods','Can delete company_goods');
INSERT INTO "auth_permission" VALUES(28,7,'view_company_goods','Can view company_goods');
INSERT INTO "auth_permission" VALUES(29,8,'add_goods_company','Can add goods_company');
INSERT INTO "auth_permission" VALUES(30,8,'change_goods_company','Can change goods_company');
INSERT INTO "auth_permission" VALUES(31,8,'delete_goods_company','Can delete goods_company');
INSERT INTO "auth_permission" VALUES(32,8,'view_goods_company','Can view goods_company');
INSERT INTO "auth_permission" VALUES(33,9,'add_agent','Can add agent');
INSERT INTO "auth_permission" VALUES(34,9,'change_agent','Can change agent');
INSERT INTO "auth_permission" VALUES(35,9,'delete_agent','Can delete agent');
INSERT INTO "auth_permission" VALUES(36,9,'view_agent','Can view agent');
INSERT INTO "auth_permission" VALUES(37,10,'add_user','Can add user');
INSERT INTO "auth_permission" VALUES(38,10,'change_user','Can change user');
INSERT INTO "auth_permission" VALUES(39,10,'delete_user','Can delete user');
INSERT INTO "auth_permission" VALUES(40,10,'view_user','Can view user');
INSERT INTO "auth_permission" VALUES(41,11,'add_outward','Can add outward');
INSERT INTO "auth_permission" VALUES(42,11,'change_outward','Can change outward');
INSERT INTO "auth_permission" VALUES(43,11,'delete_outward','Can delete outward');
INSERT INTO "auth_permission" VALUES(44,11,'view_outward','Can view outward');
INSERT INTO "auth_permission" VALUES(45,12,'add_inward','Can add inward');
INSERT INTO "auth_permission" VALUES(46,12,'change_inward','Can change inward');
INSERT INTO "auth_permission" VALUES(47,12,'delete_inward','Can delete inward');
INSERT INTO "auth_permission" VALUES(48,12,'view_inward','Can view inward');
INSERT INTO "auth_permission" VALUES(49,13,'add_stock','Can add stock');
INSERT INTO "auth_permission" VALUES(50,13,'change_stock','Can change stock');
INSERT INTO "auth_permission" VALUES(51,13,'delete_stock','Can delete stock');
INSERT INTO "auth_permission" VALUES(52,13,'view_stock','Can view stock');
INSERT INTO "auth_permission" VALUES(53,14,'add_supply_return','Can add supply_return');
INSERT INTO "auth_permission" VALUES(54,14,'change_supply_return','Can change supply_return');
INSERT INTO "auth_permission" VALUES(55,14,'delete_supply_return','Can delete supply_return');
INSERT INTO "auth_permission" VALUES(56,14,'view_supply_return','Can view supply_return');
CREATE UNIQUE INDEX "django_content_type_app_label_model_76bd3d3b_uniq" ON "django_content_type" ("app_label", "model");
CREATE UNIQUE INDEX "auth_group_permissions_group_id_permission_id_0cd325b0_uniq" ON "auth_group_permissions" ("group_id", "permission_id");
CREATE INDEX IF NOT EXISTS "auth_group_permissions_group_id_b120cbf9" ON "auth_group_permissions" ("group_id");
CREATE INDEX IF NOT EXISTS "auth_group_permissions_permission_id_84c5c92e" ON "auth_group_permissions" ("permission_id");
CREATE UNIQUE INDEX "auth_permission_content_type_id_codename_01ab375a_uniq" ON "auth_permission" ("content_type_id", "codename");
CREATE INDEX IF NOT EXISTS "auth_permission_content_type_id_2f476e4b" ON "auth_permission" ("content_type_id");
CREATE UNIQUE INDEX "users_user_groups_user_id_group_id_b88eab82_uniq" ON "users_user_groups" ("user_id", "group_id");
CREATE INDEX IF NOT EXISTS "users_user_groups_user_id_5f6f5a90" ON "users_user_groups" ("user_id");
CREATE INDEX IF NOT EXISTS "users_user_groups_group_id_9afc8d0e" ON "users_user_groups" ("group_id");
CREATE UNIQUE INDEX "users_user_user_permissions_user_id_permission_id_43338c45_uniq" ON "users_user_user_permissions" ("user_id", "permission_id");
CREATE INDEX IF NOT EXISTS "users_user_user_permissions_user_id_20aca447" ON "users_user_user_permissions" ("user_id");
CREATE INDEX IF NOT EXISTS "users_user_user_permissions_permission_id_0b93982e" ON "users_user_user_permissions" ("permission_id");
CREATE INDEX IF NOT EXISTS "django_admin_log_content_type_id_c4bce8eb" ON "django_admin_log" ("content_type_id");
CREATE INDEX IF NOT EXISTS "django_admin_log_user_id_c564eba6" ON "django_admin_log" ("user_id");
CREATE INDEX IF NOT EXISTS "django_session_expire_date_a5c62663" ON "django_session" ("expire_date");
CREATE INDEX IF NOT EXISTS "store_goods_company_company_name_id_5f7b55a4" ON "store_goods_company" ("company_name_id");
CREATE INDEX IF NOT EXISTS "store_goods_company_company_goods_id_900ef196" ON "store_goods_company" ("company_goods_id");
CREATE INDEX IF NOT EXISTS "store_company_goods_company_id_adb0f41e" ON "store_company_goods" ("company_id");
CREATE INDEX IF NOT EXISTS "transactions_stock_company_id_6b396d1b" ON "transactions_stock" ("company_id");
CREATE INDEX IF NOT EXISTS "transactions_stock_company_goods_id_2fa5054b" ON "transactions_stock" ("company_goods_id");
CREATE INDEX IF NOT EXISTS "transactions_stock_goods_company_id_36fc55be" ON "transactions_stock" ("goods_company_id");
CREATE INDEX IF NOT EXISTS "transactions_inward_agent_id_c02fc335" ON "transactions_inward" ("agent_id");
CREATE INDEX IF NOT EXISTS "transactions_inward_company_id_32443280" ON "transactions_inward" ("company_id");
CREATE INDEX IF NOT EXISTS "transactions_inward_company_goods_id_a76c74fd" ON "transactions_inward" ("company_goods_id");
CREATE INDEX IF NOT EXISTS "transactions_inward_goods_company_id_bba0f75a" ON "transactions_inward" ("goods_company_id");
CREATE INDEX IF NOT EXISTS "transactions_outward_agent_id_7d293aab" ON "transactions_outward" ("agent_id");
CREATE INDEX IF NOT EXISTS "transactions_outward_company_id_dc1a3f9c" ON "transactions_outward" ("company_id");
CREATE INDEX IF NOT EXISTS "transactions_outward_company_goods_id_e59e35c6" ON "transactions_outward" ("company_goods_id");
CREATE INDEX IF NOT EXISTS "transactions_outward_goods_company_id_e3ca0de6" ON "transactions_outward" ("goods_company_id");
CREATE INDEX IF NOT EXISTS "transactions_supply_return_agent_id_28b5370e" ON "transactions_supply_return" ("agent_id");
CREATE INDEX IF NOT EXISTS "transactions_supply_return_company_id_03a328a1" ON "transactions_supply_return" ("company_id");
CREATE INDEX IF NOT EXISTS "transactions_supply_return_company_goods_id_5e9333a7" ON "transactions_supply_return" ("company_goods_id");
CREATE INDEX IF NOT EXISTS "transactions_supply_return_goods_company_id_fdab9079" ON "transactions_supply_return" ("goods_company_id");
CREATE TABLE IF NOT EXISTS "django_admin_log" ("id" integer NOT NULL PRIMARY KEY AUTOINCREMENT, "action_time" datetime NOT NULL, "object_id" text NULL, "object_repr" varchar(200) NOT NULL, "change_message" text NOT NULL, "content_type_id" integer NULL REFERENCES "django_content_type" ("id") DEFERRABLE INITIALLY DEFERRED, "user_id" integer NOT NULL REFERENCES "users_user" ("id") DEFERRABLE INITIALLY DEFERRED, "action_flag" smallint unsigned NOT NULL CHECK ("action_flag" >= 0));
INSERT INTO "django_admin_log" VALUES(1,'2022-01-12 08:48:29.227583','2','we','[{"added": {}}]',10,1,1);
CREATE UNIQUE INDEX "django_content_type_app_label_model_76bd3d3b_uniq" ON "django_content_type" ("app_label", "model");
CREATE UNIQUE INDEX "auth_group_permissions_group_id_permission_id_0cd325b0_uniq" ON "auth_group_permissions" ("group_id", "permission_id");
CREATE INDEX IF NOT EXISTS "auth_group_permissions_group_id_b120cbf9" ON "auth_group_permissions" ("group_id");
CREATE INDEX IF NOT EXISTS "auth_group_permissions_permission_id_84c5c92e" ON "auth_group_permissions" ("permission_id");
CREATE UNIQUE INDEX "auth_permission_content_type_id_codename_01ab375a_uniq" ON "auth_permission" ("content_type_id", "codename");
CREATE INDEX IF NOT EXISTS "auth_permission_content_type_id_2f476e4b" ON "auth_permission" ("content_type_id");
CREATE UNIQUE INDEX "users_user_groups_user_id_group_id_b88eab82_uniq" ON "users_user_groups" ("user_id", "group_id");
CREATE INDEX IF NOT EXISTS "users_user_groups_user_id_5f6f5a90" ON "users_user_groups" ("user_id");
CREATE INDEX IF NOT EXISTS "users_user_groups_group_id_9afc8d0e" ON "users_user_groups" ("group_id");
CREATE UNIQUE INDEX "users_user_user_permissions_user_id_permission_id_43338c45_uniq" ON "users_user_user_permissions" ("user_id", "permission_id");
CREATE INDEX IF NOT EXISTS "users_user_user_permissions_user_id_20aca447" ON "users_user_user_permissions" ("user_id");
CREATE INDEX IF NOT EXISTS "users_user_user_permissions_permission_id_0b93982e" ON "users_user_user_permissions" ("permission_id");
CREATE INDEX IF NOT EXISTS "django_admin_log_content_type_id_c4bce8eb" ON "django_admin_log" ("content_type_id");
CREATE INDEX IF NOT EXISTS "django_admin_log_user_id_c564eba6" ON "django_admin_log" ("user_id");
CREATE INDEX IF NOT EXISTS "django_session_expire_date_a5c62663" ON "django_session" ("expire_date");
CREATE INDEX IF NOT EXISTS "store_goods_company_company_name_id_5f7b55a4" ON "store_goods_company" ("company_name_id");
CREATE INDEX IF NOT EXISTS "store_goods_company_company_goods_id_900ef196" ON "store_goods_company" ("company_goods_id");
CREATE INDEX IF NOT EXISTS "store_company_goods_company_id_adb0f41e" ON "store_company_goods" ("company_id");
CREATE INDEX IF NOT EXISTS "transactions_stock_company_id_6b396d1b" ON "transactions_stock" ("company_id");
CREATE INDEX IF NOT EXISTS "transactions_stock_company_goods_id_2fa5054b" ON "transactions_stock" ("company_goods_id");
CREATE INDEX IF NOT EXISTS "transactions_stock_goods_company_id_36fc55be" ON "transactions_stock" ("goods_company_id");
CREATE INDEX IF NOT EXISTS "transactions_inward_agent_id_c02fc335" ON "transactions_inward" ("agent_id");
CREATE INDEX IF NOT EXISTS "transactions_inward_company_id_32443280" ON "transactions_inward" ("company_id");
CREATE INDEX IF NOT EXISTS "transactions_inward_company_goods_id_a76c74fd" ON "transactions_inward" ("company_goods_id");
CREATE INDEX IF NOT EXISTS "transactions_inward_goods_company_id_bba0f75a" ON "transactions_inward" ("goods_company_id");
CREATE INDEX IF NOT EXISTS "transactions_outward_agent_id_7d293aab" ON "transactions_outward" ("agent_id");
CREATE INDEX IF NOT EXISTS "transactions_outward_company_id_dc1a3f9c" ON "transactions_outward" ("company_id");
CREATE INDEX IF NOT EXISTS "transactions_outward_company_goods_id_e59e35c6" ON "transactions_outward" ("company_goods_id");
CREATE INDEX IF NOT EXISTS "transactions_outward_goods_company_id_e3ca0de6" ON "transactions_outward" ("goods_company_id");
CREATE INDEX IF NOT EXISTS "transactions_supply_return_agent_id_28b5370e" ON "transactions_supply_return" ("agent_id");
CREATE INDEX IF NOT EXISTS "transactions_supply_return_company_id_03a328a1" ON "transactions_supply_return" ("company_id");
CREATE INDEX IF NOT EXISTS "transactions_supply_return_company_goods_id_5e9333a7" ON "transactions_supply_return" ("company_goods_id");
CREATE INDEX IF NOT EXISTS "transactions_supply_return_goods_company_id_fdab9079" ON "transactions_supply_return" ("goods_company_id");
CREATE TABLE IF NOT EXISTS "django_content_type" ("id" integer NOT NULL PRIMARY KEY AUTOINCREMENT, "app_label" varchar(100) NOT NULL, "model" varchar(100) NOT NULL);
INSERT INTO "django_content_type" VALUES(1,'admin','logentry');
INSERT INTO "django_content_type" VALUES(2,'auth','permission');
INSERT INTO "django_content_type" VALUES(3,'auth','group');
INSERT INTO "django_content_type" VALUES(4,'contenttypes','contenttype');
INSERT INTO "django_content_type" VALUES(5,'sessions','session');
INSERT INTO "django_content_type" VALUES(6,'store','company');
INSERT INTO "django_content_type" VALUES(7,'store','company_goods');
INSERT INTO "django_content_type" VALUES(8,'store','goods_company');
INSERT INTO "django_content_type" VALUES(9,'store','agent');
INSERT INTO "django_content_type" VALUES(10,'users','user');
INSERT INTO "django_content_type" VALUES(11,'transactions','outward');
INSERT INTO "django_content_type" VALUES(12,'transactions','inward');
INSERT INTO "django_content_type" VALUES(13,'transactions','stock');
INSERT INTO "django_content_type" VALUES(14,'transactions','supply_return');
CREATE UNIQUE INDEX "django_content_type_app_label_model_76bd3d3b_uniq" ON "django_content_type" ("app_label", "model");
CREATE UNIQUE INDEX "auth_group_permissions_group_id_permission_id_0cd325b0_uniq" ON "auth_group_permissions" ("group_id", "permission_id");
CREATE INDEX IF NOT EXISTS "auth_group_permissions_group_id_b120cbf9" ON "auth_group_permissions" ("group_id");
CREATE INDEX IF NOT EXISTS "auth_group_permissions_permission_id_84c5c92e" ON "auth_group_permissions" ("permission_id");
CREATE UNIQUE INDEX "auth_permission_content_type_id_codename_01ab375a_uniq" ON "auth_permission" ("content_type_id", "codename");
CREATE INDEX IF NOT EXISTS "auth_permission_content_type_id_2f476e4b" ON "auth_permission" ("content_type_id");
CREATE UNIQUE INDEX "users_user_groups_user_id_group_id_b88eab82_uniq" ON "users_user_groups" ("user_id", "group_id");
CREATE INDEX IF NOT EXISTS "users_user_groups_user_id_5f6f5a90" ON "users_user_groups" ("user_id");
CREATE INDEX IF NOT EXISTS "users_user_groups_group_id_9afc8d0e" ON "users_user_groups" ("group_id");
CREATE UNIQUE INDEX "users_user_user_permissions_user_id_permission_id_43338c45_uniq" ON "users_user_user_permissions" ("user_id", "permission_id");
CREATE INDEX IF NOT EXISTS "users_user_user_permissions_user_id_20aca447" ON "users_user_user_permissions" ("user_id");
CREATE INDEX IF NOT EXISTS "users_user_user_permissions_permission_id_0b93982e" ON "users_user_user_permissions" ("permission_id");
CREATE INDEX IF NOT EXISTS "django_admin_log_content_type_id_c4bce8eb" ON "django_admin_log" ("content_type_id");
CREATE INDEX IF NOT EXISTS "django_admin_log_user_id_c564eba6" ON "django_admin_log" ("user_id");
CREATE INDEX IF NOT EXISTS "django_session_expire_date_a5c62663" ON "django_session" ("expire_date");
CREATE INDEX IF NOT EXISTS "store_goods_company_company_name_id_5f7b55a4" ON "store_goods_company" ("company_name_id");
CREATE INDEX IF NOT EXISTS "store_goods_company_company_goods_id_900ef196" ON "store_goods_company" ("company_goods_id");
CREATE INDEX IF NOT EXISTS "store_company_goods_company_id_adb0f41e" ON "store_company_goods" ("company_id");
CREATE INDEX IF NOT EXISTS "transactions_stock_company_id_6b396d1b" ON "transactions_stock" ("company_id");
CREATE INDEX IF NOT EXISTS "transactions_stock_company_goods_id_2fa5054b" ON "transactions_stock" ("company_goods_id");
CREATE INDEX IF NOT EXISTS "transactions_stock_goods_company_id_36fc55be" ON "transactions_stock" ("goods_company_id");
CREATE INDEX IF NOT EXISTS "transactions_inward_agent_id_c02fc335" ON "transactions_inward" ("agent_id");
CREATE INDEX IF NOT EXISTS "transactions_inward_company_id_32443280" ON "transactions_inward" ("company_id");
CREATE INDEX IF NOT EXISTS "transactions_inward_company_goods_id_a76c74fd" ON "transactions_inward" ("company_goods_id");
CREATE INDEX IF NOT EXISTS "transactions_inward_goods_company_id_bba0f75a" ON "transactions_inward" ("goods_company_id");
CREATE INDEX IF NOT EXISTS "transactions_outward_agent_id_7d293aab" ON "transactions_outward" ("agent_id");
CREATE INDEX IF NOT EXISTS "transactions_outward_company_id_dc1a3f9c" ON "transactions_outward" ("company_id");
CREATE INDEX IF NOT EXISTS "transactions_outward_company_goods_id_e59e35c6" ON "transactions_outward" ("company_goods_id");
CREATE INDEX IF NOT EXISTS "transactions_outward_goods_company_id_e3ca0de6" ON "transactions_outward" ("goods_company_id");
CREATE INDEX IF NOT EXISTS "transactions_supply_return_agent_id_28b5370e" ON "transactions_supply_return" ("agent_id");
CREATE INDEX IF NOT EXISTS "transactions_supply_return_company_id_03a328a1" ON "transactions_supply_return" ("company_id");
CREATE INDEX IF NOT EXISTS "transactions_supply_return_company_goods_id_5e9333a7" ON "transactions_supply_return" ("company_goods_id");
CREATE INDEX IF NOT EXISTS "transactions_supply_return_goods_company_id_fdab9079" ON "transactions_supply_return" ("goods_company_id");
CREATE TABLE IF NOT EXISTS "django_migrations" ("id" integer NOT NULL PRIMARY KEY AUTOINCREMENT, "app" varchar(255) NOT NULL, "name" varchar(255) NOT NULL, "applied" datetime NOT NULL);
INSERT INTO "django_migrations" VALUES(1,'contenttypes','0001_initial','2022-01-11 20:38:02.045405');
INSERT INTO "django_migrations" VALUES(2,'contenttypes','0002_remove_content_type_name','2022-01-11 20:38:02.103552');
INSERT INTO "django_migrations" VALUES(3,'auth','0001_initial','2022-01-11 20:38:02.156521');
INSERT INTO "django_migrations" VALUES(4,'auth','0002_alter_permission_name_max_length','2022-01-11 20:38:02.200446');
INSERT INTO "django_migrations" VALUES(5,'auth','0003_alter_user_email_max_length','2022-01-11 20:38:02.238339');
INSERT INTO "django_migrations" VALUES(6,'auth','0004_alter_user_username_opts','2022-01-11 20:38:02.279528');
INSERT INTO "django_migrations" VALUES(7,'auth','0005_alter_user_last_login_null','2022-01-11 20:38:02.317073');
INSERT INTO "django_migrations" VALUES(8,'auth','0006_require_contenttypes_0002','2022-01-11 20:38:02.331492');
INSERT INTO "django_migrations" VALUES(9,'auth','0007_alter_validators_add_error_messages','2022-01-11 20:38:02.358601');
INSERT INTO "django_migrations" VALUES(10,'auth','0008_alter_user_username_max_length','2022-01-11 20:38:02.393527');
INSERT INTO "django_migrations" VALUES(11,'auth','0009_alter_user_last_name_max_length','2022-01-11 20:38:02.420895');
INSERT INTO "django_migrations" VALUES(12,'auth','0010_alter_group_name_max_length','2022-01-11 20:38:02.455584');
INSERT INTO "django_migrations" VALUES(13,'auth','0011_update_proxy_permissions','2022-01-11 20:38:02.511507');
INSERT INTO "django_migrations" VALUES(14,'users','0001_initial','2022-01-11 20:38:02.559378');
INSERT INTO "django_migrations" VALUES(15,'admin','0001_initial','2022-01-11 20:38:02.617914');
INSERT INTO "django_migrations" VALUES(16,'admin','0002_logentry_remove_auto_add','2022-01-11 20:38:02.670939');
INSERT INTO "django_migrations" VALUES(17,'admin','0003_logentry_add_action_flag_choices','2022-01-11 20:38:02.738488');
INSERT INTO "django_migrations" VALUES(18,'sessions','0001_initial','2022-01-11 20:38:02.759948');
INSERT INTO "django_migrations" VALUES(19,'store','0001_initial','2022-01-11 20:38:03.020899');
INSERT INTO "django_migrations" VALUES(20,'store','0002_agent','2022-01-11 20:38:03.044793');
INSERT INTO "django_migrations" VALUES(21,'store','0003_auto_20211230_0236','2022-01-11 20:38:03.145557');
INSERT INTO "django_migrations" VALUES(22,'store','0004_goods_company_goods_company_name','2022-01-11 20:38:03.186038');
INSERT INTO "django_migrations" VALUES(23,'store','0005_auto_20211230_1302','2022-01-11 20:38:03.220453');
INSERT INTO "django_migrations" VALUES(24,'store','0006_auto_20211230_1311','2022-01-11 20:38:03.257589');
INSERT INTO "django_migrations" VALUES(25,'store','0007_auto_20211230_1312','2022-01-11 20:38:03.295704');
INSERT INTO "django_migrations" VALUES(26,'store','0008_auto_20211230_1313','2022-01-11 20:38:03.331111');
INSERT INTO "django_migrations" VALUES(27,'store','0009_auto_20211230_1314','2022-01-11 20:38:03.366175');
INSERT INTO "django_migrations" VALUES(28,'store','0010_auto_20220110_1344','2022-01-11 20:38:03.424328');
INSERT INTO "django_migrations" VALUES(29,'store','0011_agent_place','2022-01-11 20:38:03.457253');
INSERT INTO "django_migrations" VALUES(30,'store','0012_auto_20220110_2332','2022-01-11 20:38:03.489534');
INSERT INTO "django_migrations" VALUES(31,'store','0013_auto_20220110_2332','2022-01-11 20:38:03.528003');
INSERT INTO "django_migrations" VALUES(32,'store','0014_auto_20220110_2342','2022-01-11 20:38:03.561950');
INSERT INTO "django_migrations" VALUES(33,'store','0015_auto_20220110_2342','2022-01-11 20:38:03.597245');
INSERT INTO "django_migrations" VALUES(34,'store','0016_auto_20220112_0207','2022-01-11 20:38:03.972686');
INSERT INTO "django_migrations" VALUES(35,'transactions','0001_initial','2022-01-11 20:38:04.001246');
INSERT INTO "django_migrations" VALUES(36,'transactions','0002_auto_20211229_2225','2022-01-11 20:38:04.045100');
INSERT INTO "django_migrations" VALUES(37,'transactions','0003_auto_20220104_1753','2022-01-11 20:38:04.071322');
INSERT INTO "django_migrations" VALUES(38,'transactions','0004_auto_20220104_1800','2022-01-11 20:38:04.099652');
INSERT INTO "django_migrations" VALUES(39,'transactions','0005_stock','2022-01-11 20:38:04.123471');
INSERT INTO "django_migrations" VALUES(40,'transactions','0006_auto_20220104_1920','2022-01-11 20:38:04.146271');
INSERT INTO "django_migrations" VALUES(41,'transactions','0007_stock_total_pck','2022-01-11 20:38:04.171213');
INSERT INTO "django_migrations" VALUES(42,'transactions','0008_remove_stock_total_pck','2022-01-11 20:38:04.196736');
INSERT INTO "django_migrations" VALUES(43,'transactions','0009_stock_agent','2022-01-11 20:38:04.225903');
INSERT INTO "django_migrations" VALUES(44,'transactions','0010_remove_stock_agent','2022-01-11 20:38:04.253183');
INSERT INTO "django_migrations" VALUES(45,'transactions','0011_stock_agent','2022-01-11 20:38:04.282863');
INSERT INTO "django_migrations" VALUES(46,'transactions','0012_remove_stock_agent','2022-01-11 20:38:04.311083');
INSERT INTO "django_migrations" VALUES(47,'transactions','0013_supply_return','2022-01-11 20:38:04.337047');
INSERT INTO "django_migrations" VALUES(48,'transactions','0014_auto_20220112_0208','2022-01-11 20:38:45.945855');
INSERT INTO "django_migrations" VALUES(49,'test_migrations','0001_initial','2022-01-12 08:39:33.090239');
CREATE UNIQUE INDEX "django_content_type_app_label_model_76bd3d3b_uniq" ON "django_content_type" ("app_label", "model");
CREATE UNIQUE INDEX "auth_group_permissions_group_id_permission_id_0cd325b0_uniq" ON "auth_group_permissions" ("group_id", "permission_id");
CREATE INDEX IF NOT EXISTS "auth_group_permissions_group_id_b120cbf9" ON "auth_group_permissions" ("group_id");
CREATE INDEX IF NOT EXISTS "auth_group_permissions_permission_id_84c5c92e" ON "auth_group_permissions" ("permission_id");
CREATE UNIQUE INDEX "auth_permission_content_type_id_codename_01ab375a_uniq" ON "auth_permission" ("content_type_id", "codename");
CREATE INDEX IF NOT EXISTS "auth_permission_content_type_id_2f476e4b" ON "auth_permission" ("content_type_id");
CREATE UNIQUE INDEX "users_user_groups_user_id_group_id_b88eab82_uniq" ON "users_user_groups" ("user_id", "group_id");
CREATE INDEX IF NOT EXISTS "users_user_groups_user_id_5f6f5a90" ON "users_user_groups" ("user_id");
CREATE INDEX IF NOT EXISTS "users_user_groups_group_id_9afc8d0e" ON "users_user_groups" ("group_id");
CREATE UNIQUE INDEX "users_user_user_permissions_user_id_permission_id_43338c45_uniq" ON "users_user_user_permissions" ("user_id", "permission_id");
CREATE INDEX IF NOT EXISTS "users_user_user_permissions_user_id_20aca447" ON "users_user_user_permissions" ("user_id");
CREATE INDEX IF NOT EXISTS "users_user_user_permissions_permission_id_0b93982e" ON "users_user_user_permissions" ("permission_id");
CREATE INDEX IF NOT EXISTS "django_admin_log_content_type_id_c4bce8eb" ON "django_admin_log" ("content_type_id");
CREATE INDEX IF NOT EXISTS "django_admin_log_user_id_c564eba6" ON "django_admin_log" ("user_id");
CREATE INDEX IF NOT EXISTS "django_session_expire_date_a5c62663" ON "django_session" ("expire_date");
CREATE INDEX IF NOT EXISTS "store_goods_company_company_name_id_5f7b55a4" ON "store_goods_company" ("company_name_id");
CREATE INDEX IF NOT EXISTS "store_goods_company_company_goods_id_900ef196" ON "store_goods_company" ("company_goods_id");
CREATE INDEX IF NOT EXISTS "store_company_goods_company_id_adb0f41e" ON "store_company_goods" ("company_id");
CREATE INDEX IF NOT EXISTS "transactions_stock_company_id_6b396d1b" ON "transactions_stock" ("company_id");
CREATE INDEX IF NOT EXISTS "transactions_stock_company_goods_id_2fa5054b" ON "transactions_stock" ("company_goods_id");
CREATE INDEX IF NOT EXISTS "transactions_stock_goods_company_id_36fc55be" ON "transactions_stock" ("goods_company_id");
CREATE INDEX IF NOT EXISTS "transactions_inward_agent_id_c02fc335" ON "transactions_inward" ("agent_id");
CREATE INDEX IF NOT EXISTS "transactions_inward_company_id_32443280" ON "transactions_inward" ("company_id");
CREATE INDEX IF NOT EXISTS "transactions_inward_company_goods_id_a76c74fd" ON "transactions_inward" ("company_goods_id");
CREATE INDEX IF NOT EXISTS "transactions_inward_goods_company_id_bba0f75a" ON "transactions_inward" ("goods_company_id");
CREATE INDEX IF NOT EXISTS "transactions_outward_agent_id_7d293aab" ON "transactions_outward" ("agent_id");
CREATE INDEX IF NOT EXISTS "transactions_outward_company_id_dc1a3f9c" ON "transactions_outward" ("company_id");
CREATE INDEX IF NOT EXISTS "transactions_outward_company_goods_id_e59e35c6" ON "transactions_outward" ("company_goods_id");
CREATE INDEX IF NOT EXISTS "transactions_outward_goods_company_id_e3ca0de6" ON "transactions_outward" ("goods_company_id");
CREATE INDEX IF NOT EXISTS "transactions_supply_return_agent_id_28b5370e" ON "transactions_supply_return" ("agent_id");
CREATE INDEX IF NOT EXISTS "transactions_supply_return_company_id_03a328a1" ON "transactions_supply_return" ("company_id");
CREATE INDEX IF NOT EXISTS "transactions_supply_return_company_goods_id_5e9333a7" ON "transactions_supply_return" ("company_goods_id");
CREATE INDEX IF NOT EXISTS "transactions_supply_return_goods_company_id_fdab9079" ON "transactions_supply_return" ("goods_company_id");
CREATE TABLE IF NOT EXISTS "django_session" ("session_key" varchar(40) NOT NULL PRIMARY KEY, "session_data" text NOT NULL, "expire_date" datetime NOT NULL);
INSERT INTO "django_session" VALUES('a4w04gxtzkghc5pwn413pcs7u95hmya0','NTI0YTM1ODEyM2IxMjQwZjAyZjUxODJjYTRiMDZhYjdlZWRhYmVjODp7Il9hdXRoX3VzZXJfaWQiOiIxIiwiX2F1dGhfdXNlcl9iYWNrZW5kIjoiZGphbmdvLmNvbnRyaWIuYXV0aC5iYWNrZW5kcy5Nb2RlbEJhY2tlbmQiLCJfYXV0aF91c2VyX2hhc2giOiJmM2RiYTY1MGE2MmNiZDU4NmVkOTJiMWZjZmQ5YjY1MjQzOTMzNGI5In0=','2022-01-26 08:40:55.078661');
CREATE UNIQUE INDEX "django_content_type_app_label_model_76bd3d3b_uniq" ON "django_content_type" ("app_label", "model");
CREATE UNIQUE INDEX "auth_group_permissions_group_id_permission_id_0cd325b0_uniq" ON "auth_group_permissions" ("group_id", "permission_id");
CREATE INDEX IF NOT EXISTS "auth_group_permissions_group_id_b120cbf9" ON "auth_group_permissions" ("group_id");
CREATE INDEX IF NOT EXISTS "auth_group_permissions_permission_id_84c5c92e" ON "auth_group_permissions" ("permission_id");
CREATE UNIQUE INDEX "auth_permission_content_type_id_codename_01ab375a_uniq" ON "auth_permission" ("content_type_id", "codename");
CREATE INDEX IF NOT EXISTS "auth_permission_content_type_id_2f476e4b" ON "auth_permission" ("content_type_id");
CREATE UNIQUE INDEX "users_user_groups_user_id_group_id_b88eab82_uniq" ON "users_user_groups" ("user_id", "group_id");
CREATE INDEX IF NOT EXISTS "users_user_groups_user_id_5f6f5a90" ON "users_user_groups" ("user_id");
CREATE INDEX IF NOT EXISTS "users_user_groups_group_id_9afc8d0e" ON "users_user_groups" ("group_id");
CREATE UNIQUE INDEX "users_user_user_permissions_user_id_permission_id_43338c45_uniq" ON "users_user_user_permissions" ("user_id", "permission_id");
CREATE INDEX IF NOT EXISTS "users_user_user_permissions_user_id_20aca447" ON "users_user_user_permissions" ("user_id");
CREATE INDEX IF NOT EXISTS "users_user_user_permissions_permission_id_0b93982e" ON "users_user_user_permissions" ("permission_id");
CREATE INDEX IF NOT EXISTS "django_admin_log_content_type_id_c4bce8eb" ON "django_admin_log" ("content_type_id");
CREATE INDEX IF NOT EXISTS "django_admin_log_user_id_c564eba6" ON "django_admin_log" ("user_id");
CREATE INDEX IF NOT EXISTS "django_session_expire_date_a5c62663" ON "django_session" ("expire_date");
CREATE INDEX IF NOT EXISTS "store_goods_company_company_name_id_5f7b55a4" ON "store_goods_company" ("company_name_id");
CREATE INDEX IF NOT EXISTS "store_goods_company_company_goods_id_900ef196" ON "store_goods_company" ("company_goods_id");
CREATE INDEX IF NOT EXISTS "store_company_goods_company_id_adb0f41e" ON "store_company_goods" ("company_id");
CREATE INDEX IF NOT EXISTS "transactions_stock_company_id_6b396d1b" ON "transactions_stock" ("company_id");
CREATE INDEX IF NOT EXISTS "transactions_stock_company_goods_id_2fa5054b" ON "transactions_stock" ("company_goods_id");
CREATE INDEX IF NOT EXISTS "transactions_stock_goods_company_id_36fc55be" ON "transactions_stock" ("goods_company_id");
CREATE INDEX IF NOT EXISTS "transactions_inward_agent_id_c02fc335" ON "transactions_inward" ("agent_id");
CREATE INDEX IF NOT EXISTS "transactions_inward_company_id_32443280" ON "transactions_inward" ("company_id");
CREATE INDEX IF NOT EXISTS "transactions_inward_company_goods_id_a76c74fd" ON "transactions_inward" ("company_goods_id");
CREATE INDEX IF NOT EXISTS "transactions_inward_goods_company_id_bba0f75a" ON "transactions_inward" ("goods_company_id");
CREATE INDEX IF NOT EXISTS "transactions_outward_agent_id_7d293aab" ON "transactions_outward" ("agent_id");
CREATE INDEX IF NOT EXISTS "transactions_outward_company_id_dc1a3f9c" ON "transactions_outward" ("company_id");
CREATE INDEX IF NOT EXISTS "transactions_outward_company_goods_id_e59e35c6" ON "transactions_outward" ("company_goods_id");
CREATE INDEX IF NOT EXISTS "transactions_outward_goods_company_id_e3ca0de6" ON "transactions_outward" ("goods_company_id");
CREATE INDEX IF NOT EXISTS "transactions_supply_return_agent_id_28b5370e" ON "transactions_supply_return" ("agent_id");
CREATE INDEX IF NOT EXISTS "transactions_supply_return_company_id_03a328a1" ON "transactions_supply_return" ("company_id");
CREATE INDEX IF NOT EXISTS "transactions_supply_return_company_goods_id_5e9333a7" ON "transactions_supply_return" ("company_goods_id");
CREATE INDEX IF NOT EXISTS "transactions_supply_return_goods_company_id_fdab9079" ON "transactions_supply_return" ("goods_company_id");
CREATE TABLE IF NOT EXISTS "store_agent" ("id" integer NOT NULL PRIMARY KEY AUTOINCREMENT, "name" varchar(120) NOT NULL UNIQUE, "taluka" varchar(120) NOT NULL, "district" varchar(120) NOT NULL, "place" varchar(120) NOT NULL, "mobile_number" integer NOT NULL UNIQUE);
CREATE UNIQUE INDEX "django_content_type_app_label_model_76bd3d3b_uniq" ON "django_content_type" ("app_label", "model");
CREATE UNIQUE INDEX "auth_group_permissions_group_id_permission_id_0cd325b0_uniq" ON "auth_group_permissions" ("group_id", "permission_id");
CREATE INDEX IF NOT EXISTS "auth_group_permissions_group_id_b120cbf9" ON "auth_group_permissions" ("group_id");
CREATE INDEX IF NOT EXISTS "auth_group_permissions_permission_id_84c5c92e" ON "auth_group_permissions" ("permission_id");
CREATE UNIQUE INDEX "auth_permission_content_type_id_codename_01ab375a_uniq" ON "auth_permission" ("content_type_id", "codename");
CREATE INDEX IF NOT EXISTS "auth_permission_content_type_id_2f476e4b" ON "auth_permission" ("content_type_id");
CREATE UNIQUE INDEX "users_user_groups_user_id_group_id_b88eab82_uniq" ON "users_user_groups" ("user_id", "group_id");
CREATE INDEX IF NOT EXISTS "users_user_groups_user_id_5f6f5a90" ON "users_user_groups" ("user_id");
CREATE INDEX IF NOT EXISTS "users_user_groups_group_id_9afc8d0e" ON "users_user_groups" ("group_id");
CREATE UNIQUE INDEX "users_user_user_permissions_user_id_permission_id_43338c45_uniq" ON "users_user_user_permissions" ("user_id", "permission_id");
CREATE INDEX IF NOT EXISTS "users_user_user_permissions_user_id_20aca447" ON "users_user_user_permissions" ("user_id");
CREATE INDEX IF NOT EXISTS "users_user_user_permissions_permission_id_0b93982e" ON "users_user_user_permissions" ("permission_id");
CREATE INDEX IF NOT EXISTS "django_admin_log_content_type_id_c4bce8eb" ON "django_admin_log" ("content_type_id");
CREATE INDEX IF NOT EXISTS "django_admin_log_user_id_c564eba6" ON "django_admin_log" ("user_id");
CREATE INDEX IF NOT EXISTS "django_session_expire_date_a5c62663" ON "django_session" ("expire_date");
CREATE INDEX IF NOT EXISTS "store_goods_company_company_name_id_5f7b55a4" ON "store_goods_company" ("company_name_id");
CREATE INDEX IF NOT EXISTS "store_goods_company_company_goods_id_900ef196" ON "store_goods_company" ("company_goods_id");
CREATE INDEX IF NOT EXISTS "store_company_goods_company_id_adb0f41e" ON "store_company_goods" ("company_id");
CREATE INDEX IF NOT EXISTS "transactions_stock_company_id_6b396d1b" ON "transactions_stock" ("company_id");
CREATE INDEX IF NOT EXISTS "transactions_stock_company_goods_id_2fa5054b" ON "transactions_stock" ("company_goods_id");
CREATE INDEX IF NOT EXISTS "transactions_stock_goods_company_id_36fc55be" ON "transactions_stock" ("goods_company_id");
CREATE INDEX IF NOT EXISTS "transactions_inward_agent_id_c02fc335" ON "transactions_inward" ("agent_id");
CREATE INDEX IF NOT EXISTS "transactions_inward_company_id_32443280" ON "transactions_inward" ("company_id");
CREATE INDEX IF NOT EXISTS "transactions_inward_company_goods_id_a76c74fd" ON "transactions_inward" ("company_goods_id");
CREATE INDEX IF NOT EXISTS "transactions_inward_goods_company_id_bba0f75a" ON "transactions_inward" ("goods_company_id");
CREATE INDEX IF NOT EXISTS "transactions_outward_agent_id_7d293aab" ON "transactions_outward" ("agent_id");
CREATE INDEX IF NOT EXISTS "transactions_outward_company_id_dc1a3f9c" ON "transactions_outward" ("company_id");
CREATE INDEX IF NOT EXISTS "transactions_outward_company_goods_id_e59e35c6" ON "transactions_outward" ("company_goods_id");
CREATE INDEX IF NOT EXISTS "transactions_outward_goods_company_id_e3ca0de6" ON "transactions_outward" ("goods_company_id");
CREATE INDEX IF NOT EXISTS "transactions_supply_return_agent_id_28b5370e" ON "transactions_supply_return" ("agent_id");
CREATE INDEX IF NOT EXISTS "transactions_supply_return_company_id_03a328a1" ON "transactions_supply_return" ("company_id");
CREATE INDEX IF NOT EXISTS "transactions_supply_return_company_goods_id_5e9333a7" ON "transactions_supply_return" ("company_goods_id");
CREATE INDEX IF NOT EXISTS "transactions_supply_return_goods_company_id_fdab9079" ON "transactions_supply_return" ("goods_company_id");
CREATE TABLE IF NOT EXISTS "store_company" ("id" integer NOT NULL PRIMARY KEY AUTOINCREMENT, "company_name" varchar(120) NOT NULL UNIQUE);
CREATE UNIQUE INDEX "django_content_type_app_label_model_76bd3d3b_uniq" ON "django_content_type" ("app_label", "model");
CREATE UNIQUE INDEX "auth_group_permissions_group_id_permission_id_0cd325b0_uniq" ON "auth_group_permissions" ("group_id", "permission_id");
CREATE INDEX IF NOT EXISTS "auth_group_permissions_group_id_b120cbf9" ON "auth_group_permissions" ("group_id");
CREATE INDEX IF NOT EXISTS "auth_group_permissions_permission_id_84c5c92e" ON "auth_group_permissions" ("permission_id");
CREATE UNIQUE INDEX "auth_permission_content_type_id_codename_01ab375a_uniq" ON "auth_permission" ("content_type_id", "codename");
CREATE INDEX IF NOT EXISTS "auth_permission_content_type_id_2f476e4b" ON "auth_permission" ("content_type_id");
CREATE UNIQUE INDEX "users_user_groups_user_id_group_id_b88eab82_uniq" ON "users_user_groups" ("user_id", "group_id");
CREATE INDEX IF NOT EXISTS "users_user_groups_user_id_5f6f5a90" ON "users_user_groups" ("user_id");
CREATE INDEX IF NOT EXISTS "users_user_groups_group_id_9afc8d0e" ON "users_user_groups" ("group_id");
CREATE UNIQUE INDEX "users_user_user_permissions_user_id_permission_id_43338c45_uniq" ON "users_user_user_permissions" ("user_id", "permission_id");
CREATE INDEX IF NOT EXISTS "users_user_user_permissions_user_id_20aca447" ON "users_user_user_permissions" ("user_id");
CREATE INDEX IF NOT EXISTS "users_user_user_permissions_permission_id_0b93982e" ON "users_user_user_permissions" ("permission_id");
CREATE INDEX IF NOT EXISTS "django_admin_log_content_type_id_c4bce8eb" ON "django_admin_log" ("content_type_id");
CREATE INDEX IF NOT EXISTS "django_admin_log_user_id_c564eba6" ON "django_admin_log" ("user_id");
CREATE INDEX IF NOT EXISTS "django_session_expire_date_a5c62663" ON "django_session" ("expire_date");
CREATE INDEX IF NOT EXISTS "store_goods_company_company_name_id_5f7b55a4" ON "store_goods_company" ("company_name_id");
CREATE INDEX IF NOT EXISTS "store_goods_company_company_goods_id_900ef196" ON "store_goods_company" ("company_goods_id");
CREATE INDEX IF NOT EXISTS "store_company_goods_company_id_adb0f41e" ON "store_company_goods" ("company_id");
CREATE INDEX IF NOT EXISTS "transactions_stock_company_id_6b396d1b" ON "transactions_stock" ("company_id");
CREATE INDEX IF NOT EXISTS "transactions_stock_company_goods_id_2fa5054b" ON "transactions_stock" ("company_goods_id");
CREATE INDEX IF NOT EXISTS "transactions_stock_goods_company_id_36fc55be" ON "transactions_stock" ("goods_company_id");
CREATE INDEX IF NOT EXISTS "transactions_inward_agent_id_c02fc335" ON "transactions_inward" ("agent_id");
CREATE INDEX IF NOT EXISTS "transactions_inward_company_id_32443280" ON "transactions_inward" ("company_id");
CREATE INDEX IF NOT EXISTS "transactions_inward_company_goods_id_a76c74fd" ON "transactions_inward" ("company_goods_id");
CREATE INDEX IF NOT EXISTS "transactions_inward_goods_company_id_bba0f75a" ON "transactions_inward" ("goods_company_id");
CREATE INDEX IF NOT EXISTS "transactions_outward_agent_id_7d293aab" ON "transactions_outward" ("agent_id");
CREATE INDEX IF NOT EXISTS "transactions_outward_company_id_dc1a3f9c" ON "transactions_outward" ("company_id");
CREATE INDEX IF NOT EXISTS "transactions_outward_company_goods_id_e59e35c6" ON "transactions_outward" ("company_goods_id");
CREATE INDEX IF NOT EXISTS "transactions_outward_goods_company_id_e3ca0de6" ON "transactions_outward" ("goods_company_id");
CREATE INDEX IF NOT EXISTS "transactions_supply_return_agent_id_28b5370e" ON "transactions_supply_return" ("agent_id");
CREATE INDEX IF NOT EXISTS "transactions_supply_return_company_id_03a328a1" ON "transactions_supply_return" ("company_id");
CREATE INDEX IF NOT EXISTS "transactions_supply_return_company_goods_id_5e9333a7" ON "transactions_supply_return" ("company_goods_id");
CREATE INDEX IF NOT EXISTS "transactions_supply_return_goods_company_id_fdab9079" ON "transactions_supply_return" ("goods_company_id");
CREATE TABLE IF NOT EXISTS "store_company_goods" ("id" integer NOT NULL PRIMARY KEY AUTOINCREMENT, "name" varchar(120) NOT NULL, "pck_size" integer NOT NULL, "bag_size" integer NOT NULL, "company_id" integer NOT NULL REFERENCES "store_company" ("id") DEFERRABLE INITIALLY DEFERRED);
CREATE UNIQUE INDEX "django_content_type_app_label_model_76bd3d3b_uniq" ON "django_content_type" ("app_label", "model");
CREATE UNIQUE INDEX "auth_group_permissions_group_id_permission_id_0cd325b0_uniq" ON "auth_group_permissions" ("group_id", "permission_id");
CREATE INDEX IF NOT EXISTS "auth_group_permissions_group_id_b120cbf9" ON "auth_group_permissions" ("group_id");
CREATE INDEX IF NOT EXISTS "auth_group_permissions_permission_id_84c5c92e" ON "auth_group_permissions" ("permission_id");
CREATE UNIQUE INDEX "auth_permission_content_type_id_codename_01ab375a_uniq" ON "auth_permission" ("content_type_id", "codename");
CREATE INDEX IF NOT EXISTS "auth_permission_content_type_id_2f476e4b" ON "auth_permission" ("content_type_id");
CREATE UNIQUE INDEX "users_user_groups_user_id_group_id_b88eab82_uniq" ON "users_user_groups" ("user_id", "group_id");
CREATE INDEX IF NOT EXISTS "users_user_groups_user_id_5f6f5a90" ON "users_user_groups" ("user_id");
CREATE INDEX IF NOT EXISTS "users_user_groups_group_id_9afc8d0e" ON "users_user_groups" ("group_id");
CREATE UNIQUE INDEX "users_user_user_permissions_user_id_permission_id_43338c45_uniq" ON "users_user_user_permissions" ("user_id", "permission_id");
CREATE INDEX IF NOT EXISTS "users_user_user_permissions_user_id_20aca447" ON "users_user_user_permissions" ("user_id");
CREATE INDEX IF NOT EXISTS "users_user_user_permissions_permission_id_0b93982e" ON "users_user_user_permissions" ("permission_id");
CREATE INDEX IF NOT EXISTS "django_admin_log_content_type_id_c4bce8eb" ON "django_admin_log" ("content_type_id");
CREATE INDEX IF NOT EXISTS "django_admin_log_user_id_c564eba6" ON "django_admin_log" ("user_id");
CREATE INDEX IF NOT EXISTS "django_session_expire_date_a5c62663" ON "django_session" ("expire_date");
CREATE INDEX IF NOT EXISTS "store_goods_company_company_name_id_5f7b55a4" ON "store_goods_company" ("company_name_id");
CREATE INDEX IF NOT EXISTS "store_goods_company_company_goods_id_900ef196" ON "store_goods_company" ("company_goods_id");
CREATE INDEX IF NOT EXISTS "store_company_goods_company_id_adb0f41e" ON "store_company_goods" ("company_id");
CREATE INDEX IF NOT EXISTS "transactions_stock_company_id_6b396d1b" ON "transactions_stock" ("company_id");
CREATE INDEX IF NOT EXISTS "transactions_stock_company_goods_id_2fa5054b" ON "transactions_stock" ("company_goods_id");
CREATE INDEX IF NOT EXISTS "transactions_stock_goods_company_id_36fc55be" ON "transactions_stock" ("goods_company_id");
CREATE INDEX IF NOT EXISTS "transactions_inward_agent_id_c02fc335" ON "transactions_inward" ("agent_id");
CREATE INDEX IF NOT EXISTS "transactions_inward_company_id_32443280" ON "transactions_inward" ("company_id");
CREATE INDEX IF NOT EXISTS "transactions_inward_company_goods_id_a76c74fd" ON "transactions_inward" ("company_goods_id");
CREATE INDEX IF NOT EXISTS "transactions_inward_goods_company_id_bba0f75a" ON "transactions_inward" ("goods_company_id");
CREATE INDEX IF NOT EXISTS "transactions_outward_agent_id_7d293aab" ON "transactions_outward" ("agent_id");
CREATE INDEX IF NOT EXISTS "transactions_outward_company_id_dc1a3f9c" ON "transactions_outward" ("company_id");
CREATE INDEX IF NOT EXISTS "transactions_outward_company_goods_id_e59e35c6" ON "transactions_outward" ("company_goods_id");
CREATE INDEX IF NOT EXISTS "transactions_outward_goods_company_id_e3ca0de6" ON "transactions_outward" ("goods_company_id");
CREATE INDEX IF NOT EXISTS "transactions_supply_return_agent_id_28b5370e" ON "transactions_supply_return" ("agent_id");
CREATE INDEX IF NOT EXISTS "transactions_supply_return_company_id_03a328a1" ON "transactions_supply_return" ("company_id");
CREATE INDEX IF NOT EXISTS "transactions_supply_return_company_goods_id_5e9333a7" ON "transactions_supply_return" ("company_goods_id");
CREATE INDEX IF NOT EXISTS "transactions_supply_return_goods_company_id_fdab9079" ON "transactions_supply_return" ("goods_company_id");
CREATE TABLE IF NOT EXISTS "store_goods_company" ("id" integer NOT NULL PRIMARY KEY AUTOINCREMENT, "company_name_id" integer NOT NULL REFERENCES "store_company" ("id") DEFERRABLE INITIALLY DEFERRED, "company_goods_id" integer NOT NULL REFERENCES "store_company_goods" ("id") DEFERRABLE INITIALLY DEFERRED, "goods_company_name" varchar(120) NOT NULL);
CREATE UNIQUE INDEX "django_content_type_app_label_model_76bd3d3b_uniq" ON "django_content_type" ("app_label", "model");
CREATE UNIQUE INDEX "auth_group_permissions_group_id_permission_id_0cd325b0_uniq" ON "auth_group_permissions" ("group_id", "permission_id");
CREATE INDEX IF NOT EXISTS "auth_group_permissions_group_id_b120cbf9" ON "auth_group_permissions" ("group_id");
CREATE INDEX IF NOT EXISTS "auth_group_permissions_permission_id_84c5c92e" ON "auth_group_permissions" ("permission_id");
CREATE UNIQUE INDEX "auth_permission_content_type_id_codename_01ab375a_uniq" ON "auth_permission" ("content_type_id", "codename");
CREATE INDEX IF NOT EXISTS "auth_permission_content_type_id_2f476e4b" ON "auth_permission" ("content_type_id");
CREATE UNIQUE INDEX "users_user_groups_user_id_group_id_b88eab82_uniq" ON "users_user_groups" ("user_id", "group_id");
CREATE INDEX IF NOT EXISTS "users_user_groups_user_id_5f6f5a90" ON "users_user_groups" ("user_id");
CREATE INDEX IF NOT EXISTS "users_user_groups_group_id_9afc8d0e" ON "users_user_groups" ("group_id");
CREATE UNIQUE INDEX "users_user_user_permissions_user_id_permission_id_43338c45_uniq" ON "users_user_user_permissions" ("user_id", "permission_id");
CREATE INDEX IF NOT EXISTS "users_user_user_permissions_user_id_20aca447" ON "users_user_user_permissions" ("user_id");
CREATE INDEX IF NOT EXISTS "users_user_user_permissions_permission_id_0b93982e" ON "users_user_user_permissions" ("permission_id");
CREATE INDEX IF NOT EXISTS "django_admin_log_content_type_id_c4bce8eb" ON "django_admin_log" ("content_type_id");
CREATE INDEX IF NOT EXISTS "django_admin_log_user_id_c564eba6" ON "django_admin_log" ("user_id");
CREATE INDEX IF NOT EXISTS "django_session_expire_date_a5c62663" ON "django_session" ("expire_date");
CREATE INDEX IF NOT EXISTS "store_goods_company_company_name_id_5f7b55a4" ON "store_goods_company" ("company_name_id");
CREATE INDEX IF NOT EXISTS "store_goods_company_company_goods_id_900ef196" ON "store_goods_company" ("company_goods_id");
CREATE INDEX IF NOT EXISTS "store_company_goods_company_id_adb0f41e" ON "store_company_goods" ("company_id");
CREATE INDEX IF NOT EXISTS "transactions_stock_company_id_6b396d1b" ON "transactions_stock" ("company_id");
CREATE INDEX IF NOT EXISTS "transactions_stock_company_goods_id_2fa5054b" ON "transactions_stock" ("company_goods_id");
CREATE INDEX IF NOT EXISTS "transactions_stock_goods_company_id_36fc55be" ON "transactions_stock" ("goods_company_id");
CREATE INDEX IF NOT EXISTS "transactions_inward_agent_id_c02fc335" ON "transactions_inward" ("agent_id");
CREATE INDEX IF NOT EXISTS "transactions_inward_company_id_32443280" ON "transactions_inward" ("company_id");
CREATE INDEX IF NOT EXISTS "transactions_inward_company_goods_id_a76c74fd" ON "transactions_inward" ("company_goods_id");
CREATE INDEX IF NOT EXISTS "transactions_inward_goods_company_id_bba0f75a" ON "transactions_inward" ("goods_company_id");
CREATE INDEX IF NOT EXISTS "transactions_outward_agent_id_7d293aab" ON "transactions_outward" ("agent_id");
CREATE INDEX IF NOT EXISTS "transactions_outward_company_id_dc1a3f9c" ON "transactions_outward" ("company_id");
CREATE INDEX IF NOT EXISTS "transactions_outward_company_goods_id_e59e35c6" ON "transactions_outward" ("company_goods_id");
CREATE INDEX IF NOT EXISTS "transactions_outward_goods_company_id_e3ca0de6" ON "transactions_outward" ("goods_company_id");
CREATE INDEX IF NOT EXISTS "transactions_supply_return_agent_id_28b5370e" ON "transactions_supply_return" ("agent_id");
CREATE INDEX IF NOT EXISTS "transactions_supply_return_company_id_03a328a1" ON "transactions_supply_return" ("company_id");
CREATE INDEX IF NOT EXISTS "transactions_supply_return_company_goods_id_5e9333a7" ON "transactions_supply_return" ("company_goods_id");
CREATE INDEX IF NOT EXISTS "transactions_supply_return_goods_company_id_fdab9079" ON "transactions_supply_return" ("goods_company_id");
CREATE TABLE IF NOT EXISTS "transactions_inward" ("id" integer NOT NULL PRIMARY KEY AUTOINCREMENT, "bags" integer NOT NULL, "DC_number" varchar(566) NOT NULL, "agent_id" integer NOT NULL REFERENCES "store_agent" ("id") DEFERRABLE INITIALLY DEFERRED, "company_id" integer NOT NULL REFERENCES "store_company" ("id") DEFERRABLE INITIALLY DEFERRED, "company_goods_id" integer NOT NULL REFERENCES "store_company_goods" ("id") DEFERRABLE INITIALLY DEFERRED, "goods_company_id" integer NOT NULL REFERENCES "store_goods_company" ("id") DEFERRABLE INITIALLY DEFERRED, "DC_date" datetime NOT NULL);
CREATE UNIQUE INDEX "django_content_type_app_label_model_76bd3d3b_uniq" ON "django_content_type" ("app_label", "model");
CREATE UNIQUE INDEX "auth_group_permissions_group_id_permission_id_0cd325b0_uniq" ON "auth_group_permissions" ("group_id", "permission_id");
CREATE INDEX IF NOT EXISTS "auth_group_permissions_group_id_b120cbf9" ON "auth_group_permissions" ("group_id");
CREATE INDEX IF NOT EXISTS "auth_group_permissions_permission_id_84c5c92e" ON "auth_group_permissions" ("permission_id");
CREATE UNIQUE INDEX "auth_permission_content_type_id_codename_01ab375a_uniq" ON "auth_permission" ("content_type_id", "codename");
CREATE INDEX IF NOT EXISTS "auth_permission_content_type_id_2f476e4b" ON "auth_permission" ("content_type_id");
CREATE UNIQUE INDEX "users_user_groups_user_id_group_id_b88eab82_uniq" ON "users_user_groups" ("user_id", "group_id");
CREATE INDEX IF NOT EXISTS "users_user_groups_user_id_5f6f5a90" ON "users_user_groups" ("user_id");
CREATE INDEX IF NOT EXISTS "users_user_groups_group_id_9afc8d0e" ON "users_user_groups" ("group_id");
CREATE UNIQUE INDEX "users_user_user_permissions_user_id_permission_id_43338c45_uniq" ON "users_user_user_permissions" ("user_id", "permission_id");
CREATE INDEX IF NOT EXISTS "users_user_user_permissions_user_id_20aca447" ON "users_user_user_permissions" ("user_id");
CREATE INDEX IF NOT EXISTS "users_user_user_permissions_permission_id_0b93982e" ON "users_user_user_permissions" ("permission_id");
CREATE INDEX IF NOT EXISTS "django_admin_log_content_type_id_c4bce8eb" ON "django_admin_log" ("content_type_id");
CREATE INDEX IF NOT EXISTS "django_admin_log_user_id_c564eba6" ON "django_admin_log" ("user_id");
CREATE INDEX IF NOT EXISTS "django_session_expire_date_a5c62663" ON "django_session" ("expire_date");
CREATE INDEX IF NOT EXISTS "store_goods_company_company_name_id_5f7b55a4" ON "store_goods_company" ("company_name_id");
CREATE INDEX IF NOT EXISTS "store_goods_company_company_goods_id_900ef196" ON "store_goods_company" ("company_goods_id");
CREATE INDEX IF NOT EXISTS "store_company_goods_company_id_adb0f41e" ON "store_company_goods" ("company_id");
CREATE INDEX IF NOT EXISTS "transactions_stock_company_id_6b396d1b" ON "transactions_stock" ("company_id");
CREATE INDEX IF NOT EXISTS "transactions_stock_company_goods_id_2fa5054b" ON "transactions_stock" ("company_goods_id");
CREATE INDEX IF NOT EXISTS "transactions_stock_goods_company_id_36fc55be" ON "transactions_stock" ("goods_company_id");
CREATE INDEX IF NOT EXISTS "transactions_inward_agent_id_c02fc335" ON "transactions_inward" ("agent_id");
CREATE INDEX IF NOT EXISTS "transactions_inward_company_id_32443280" ON "transactions_inward" ("company_id");
CREATE INDEX IF NOT EXISTS "transactions_inward_company_goods_id_a76c74fd" ON "transactions_inward" ("company_goods_id");
CREATE INDEX IF NOT EXISTS "transactions_inward_goods_company_id_bba0f75a" ON "transactions_inward" ("goods_company_id");
CREATE INDEX IF NOT EXISTS "transactions_outward_agent_id_7d293aab" ON "transactions_outward" ("agent_id");
CREATE INDEX IF NOT EXISTS "transactions_outward_company_id_dc1a3f9c" ON "transactions_outward" ("company_id");
CREATE INDEX IF NOT EXISTS "transactions_outward_company_goods_id_e59e35c6" ON "transactions_outward" ("company_goods_id");
CREATE INDEX IF NOT EXISTS "transactions_outward_goods_company_id_e3ca0de6" ON "transactions_outward" ("goods_company_id");
CREATE INDEX IF NOT EXISTS "transactions_supply_return_agent_id_28b5370e" ON "transactions_supply_return" ("agent_id");
CREATE INDEX IF NOT EXISTS "transactions_supply_return_company_id_03a328a1" ON "transactions_supply_return" ("company_id");
CREATE INDEX IF NOT EXISTS "transactions_supply_return_company_goods_id_5e9333a7" ON "transactions_supply_return" ("company_goods_id");
CREATE INDEX IF NOT EXISTS "transactions_supply_return_goods_company_id_fdab9079" ON "transactions_supply_return" ("goods_company_id");
CREATE TABLE IF NOT EXISTS "transactions_outward" ("id" integer NOT NULL PRIMARY KEY AUTOINCREMENT, "bags" integer NOT NULL, "DC_number" varchar(566) NOT NULL, "agent_id" integer NOT NULL REFERENCES "store_agent" ("id") DEFERRABLE INITIALLY DEFERRED, "company_id" integer NOT NULL REFERENCES "store_company" ("id") DEFERRABLE INITIALLY DEFERRED, "company_goods_id" integer NOT NULL REFERENCES "store_company_goods" ("id") DEFERRABLE INITIALLY DEFERRED, "goods_company_id" integer NOT NULL REFERENCES "store_goods_company" ("id") DEFERRABLE INITIALLY DEFERRED, "DC_date" datetime NOT NULL);
CREATE UNIQUE INDEX "django_content_type_app_label_model_76bd3d3b_uniq" ON "django_content_type" ("app_label", "model");
CREATE UNIQUE INDEX "auth_group_permissions_group_id_permission_id_0cd325b0_uniq" ON "auth_group_permissions" ("group_id", "permission_id");
CREATE INDEX IF NOT EXISTS "auth_group_permissions_group_id_b120cbf9" ON "auth_group_permissions" ("group_id");
CREATE INDEX IF NOT EXISTS "auth_group_permissions_permission_id_84c5c92e" ON "auth_group_permissions" ("permission_id");
CREATE UNIQUE INDEX "auth_permission_content_type_id_codename_01ab375a_uniq" ON "auth_permission" ("content_type_id", "codename");
CREATE INDEX IF NOT EXISTS "auth_permission_content_type_id_2f476e4b" ON "auth_permission" ("content_type_id");
CREATE UNIQUE INDEX "users_user_groups_user_id_group_id_b88eab82_uniq" ON "users_user_groups" ("user_id", "group_id");
CREATE INDEX IF NOT EXISTS "users_user_groups_user_id_5f6f5a90" ON "users_user_groups" ("user_id");
CREATE INDEX IF NOT EXISTS "users_user_groups_group_id_9afc8d0e" ON "users_user_groups" ("group_id");
CREATE UNIQUE INDEX "users_user_user_permissions_user_id_permission_id_43338c45_uniq" ON "users_user_user_permissions" ("user_id", "permission_id");
CREATE INDEX IF NOT EXISTS "users_user_user_permissions_user_id_20aca447" ON "users_user_user_permissions" ("user_id");
CREATE INDEX IF NOT EXISTS "users_user_user_permissions_permission_id_0b93982e" ON "users_user_user_permissions" ("permission_id");
CREATE INDEX IF NOT EXISTS "django_admin_log_content_type_id_c4bce8eb" ON "django_admin_log" ("content_type_id");
CREATE INDEX IF NOT EXISTS "django_admin_log_user_id_c564eba6" ON "django_admin_log" ("user_id");
CREATE INDEX IF NOT EXISTS "django_session_expire_date_a5c62663" ON "django_session" ("expire_date");
CREATE INDEX IF NOT EXISTS "store_goods_company_company_name_id_5f7b55a4" ON "store_goods_company" ("company_name_id");
CREATE INDEX IF NOT EXISTS "store_goods_company_company_goods_id_900ef196" ON "store_goods_company" ("company_goods_id");
CREATE INDEX IF NOT EXISTS "store_company_goods_company_id_adb0f41e" ON "store_company_goods" ("company_id");
CREATE INDEX IF NOT EXISTS "transactions_stock_company_id_6b396d1b" ON "transactions_stock" ("company_id");
CREATE INDEX IF NOT EXISTS "transactions_stock_company_goods_id_2fa5054b" ON "transactions_stock" ("company_goods_id");
CREATE INDEX IF NOT EXISTS "transactions_stock_goods_company_id_36fc55be" ON "transactions_stock" ("goods_company_id");
CREATE INDEX IF NOT EXISTS "transactions_inward_agent_id_c02fc335" ON "transactions_inward" ("agent_id");
CREATE INDEX IF NOT EXISTS "transactions_inward_company_id_32443280" ON "transactions_inward" ("company_id");
CREATE INDEX IF NOT EXISTS "transactions_inward_company_goods_id_a76c74fd" ON "transactions_inward" ("company_goods_id");
CREATE INDEX IF NOT EXISTS "transactions_inward_goods_company_id_bba0f75a" ON "transactions_inward" ("goods_company_id");
CREATE INDEX IF NOT EXISTS "transactions_outward_agent_id_7d293aab" ON "transactions_outward" ("agent_id");
CREATE INDEX IF NOT EXISTS "transactions_outward_company_id_dc1a3f9c" ON "transactions_outward" ("company_id");
CREATE INDEX IF NOT EXISTS "transactions_outward_company_goods_id_e59e35c6" ON "transactions_outward" ("company_goods_id");
CREATE INDEX IF NOT EXISTS "transactions_outward_goods_company_id_e3ca0de6" ON "transactions_outward" ("goods_company_id");
CREATE INDEX IF NOT EXISTS "transactions_supply_return_agent_id_28b5370e" ON "transactions_supply_return" ("agent_id");
CREATE INDEX IF NOT EXISTS "transactions_supply_return_company_id_03a328a1" ON "transactions_supply_return" ("company_id");
CREATE INDEX IF NOT EXISTS "transactions_supply_return_company_goods_id_5e9333a7" ON "transactions_supply_return" ("company_goods_id");
CREATE INDEX IF NOT EXISTS "transactions_supply_return_goods_company_id_fdab9079" ON "transactions_supply_return" ("goods_company_id");
CREATE TABLE IF NOT EXISTS "transactions_stock" ("id" integer NOT NULL PRIMARY KEY AUTOINCREMENT, "total_bag" integer NOT NULL, "company_id" integer NOT NULL REFERENCES "store_company" ("id") DEFERRABLE INITIALLY DEFERRED, "company_goods_id" integer NOT NULL REFERENCES "store_company_goods" ("id") DEFERRABLE INITIALLY DEFERRED, "goods_company_id" integer NOT NULL REFERENCES "store_goods_company" ("id") DEFERRABLE INITIALLY DEFERRED);
CREATE UNIQUE INDEX "django_content_type_app_label_model_76bd3d3b_uniq" ON "django_content_type" ("app_label", "model");
CREATE UNIQUE INDEX "auth_group_permissions_group_id_permission_id_0cd325b0_uniq" ON "auth_group_permissions" ("group_id", "permission_id");
CREATE INDEX IF NOT EXISTS "auth_group_permissions_group_id_b120cbf9" ON "auth_group_permissions" ("group_id");
CREATE INDEX IF NOT EXISTS "auth_group_permissions_permission_id_84c5c92e" ON "auth_group_permissions" ("permission_id");
CREATE UNIQUE INDEX "auth_permission_content_type_id_codename_01ab375a_uniq" ON "auth_permission" ("content_type_id", "codename");
CREATE INDEX IF NOT EXISTS "auth_permission_content_type_id_2f476e4b" ON "auth_permission" ("content_type_id");
CREATE UNIQUE INDEX "users_user_groups_user_id_group_id_b88eab82_uniq" ON "users_user_groups" ("user_id", "group_id");
CREATE INDEX IF NOT EXISTS "users_user_groups_user_id_5f6f5a90" ON "users_user_groups" ("user_id");
CREATE INDEX IF NOT EXISTS "users_user_groups_group_id_9afc8d0e" ON "users_user_groups" ("group_id");
CREATE UNIQUE INDEX "users_user_user_permissions_user_id_permission_id_43338c45_uniq" ON "users_user_user_permissions" ("user_id", "permission_id");
CREATE INDEX IF NOT EXISTS "users_user_user_permissions_user_id_20aca447" ON "users_user_user_permissions" ("user_id");
CREATE INDEX IF NOT EXISTS "users_user_user_permissions_permission_id_0b93982e" ON "users_user_user_permissions" ("permission_id");
CREATE INDEX IF NOT EXISTS "django_admin_log_content_type_id_c4bce8eb" ON "django_admin_log" ("content_type_id");
CREATE INDEX IF NOT EXISTS "django_admin_log_user_id_c564eba6" ON "django_admin_log" ("user_id");
CREATE INDEX IF NOT EXISTS "django_session_expire_date_a5c62663" ON "django_session" ("expire_date");
CREATE INDEX IF NOT EXISTS "store_goods_company_company_name_id_5f7b55a4" ON "store_goods_company" ("company_name_id");
CREATE INDEX IF NOT EXISTS "store_goods_company_company_goods_id_900ef196" ON "store_goods_company" ("company_goods_id");
CREATE INDEX IF NOT EXISTS "store_company_goods_company_id_adb0f41e" ON "store_company_goods" ("company_id");
CREATE INDEX IF NOT EXISTS "transactions_stock_company_id_6b396d1b" ON "transactions_stock" ("company_id");
CREATE INDEX IF NOT EXISTS "transactions_stock_company_goods_id_2fa5054b" ON "transactions_stock" ("company_goods_id");
CREATE INDEX IF NOT EXISTS "transactions_stock_goods_company_id_36fc55be" ON "transactions_stock" ("goods_company_id");
CREATE INDEX IF NOT EXISTS "transactions_inward_agent_id_c02fc335" ON "transactions_inward" ("agent_id");
CREATE INDEX IF NOT EXISTS "transactions_inward_company_id_32443280" ON "transactions_inward" ("company_id");
CREATE INDEX IF NOT EXISTS "transactions_inward_company_goods_id_a76c74fd" ON "transactions_inward" ("company_goods_id");
CREATE INDEX IF NOT EXISTS "transactions_inward_goods_company_id_bba0f75a" ON "transactions_inward" ("goods_company_id");
CREATE INDEX IF NOT EXISTS "transactions_outward_agent_id_7d293aab" ON "transactions_outward" ("agent_id");
CREATE INDEX IF NOT EXISTS "transactions_outward_company_id_dc1a3f9c" ON "transactions_outward" ("company_id");
CREATE INDEX IF NOT EXISTS "transactions_outward_company_goods_id_e59e35c6" ON "transactions_outward" ("company_goods_id");
CREATE INDEX IF NOT EXISTS "transactions_outward_goods_company_id_e3ca0de6" ON "transactions_outward" ("goods_company_id");
CREATE INDEX IF NOT EXISTS "transactions_supply_return_agent_id_28b5370e" ON "transactions_supply_return" ("agent_id");
CREATE INDEX IF NOT EXISTS "transactions_supply_return_company_id_03a328a1" ON "transactions_supply_return" ("company_id");
CREATE INDEX IF NOT EXISTS "transactions_supply_return_company_goods_id_5e9333a7" ON "transactions_supply_return" ("company_goods_id");
CREATE INDEX IF NOT EXISTS "transactions_supply_return_goods_company_id_fdab9079" ON "transactions_supply_return" ("goods_company_id");
CREATE TABLE IF NOT EXISTS "transactions_supply_return" ("id" integer NOT NULL PRIMARY KEY AUTOINCREMENT, "bags" integer NOT NULL, "DC_number" varchar(566) NOT NULL, "agent_id" integer NOT NULL REFERENCES "store_agent" ("id") DEFERRABLE INITIALLY DEFERRED, "company_id" integer NOT NULL REFERENCES "store_company" ("id") DEFERRABLE INITIALLY DEFERRED, "company_goods_id" integer NOT NULL REFERENCES "store_company_goods" ("id") DEFERRABLE INITIALLY DEFERRED, "goods_company_id" integer NOT NULL REFERENCES "store_goods_company" ("id") DEFERRABLE INITIALLY DEFERRED, "DC_date" datetime NOT NULL);
CREATE UNIQUE INDEX "django_content_type_app_label_model_76bd3d3b_uniq" ON "django_content_type" ("app_label", "model");
CREATE UNIQUE INDEX "auth_group_permissions_group_id_permission_id_0cd325b0_uniq" ON "auth_group_permissions" ("group_id", "permission_id");
CREATE INDEX IF NOT EXISTS "auth_group_permissions_group_id_b120cbf9" ON "auth_group_permissions" ("group_id");
CREATE INDEX IF NOT EXISTS "auth_group_permissions_permission_id_84c5c92e" ON "auth_group_permissions" ("permission_id");
CREATE UNIQUE INDEX "auth_permission_content_type_id_codename_01ab375a_uniq" ON "auth_permission" ("content_type_id", "codename");
CREATE INDEX IF NOT EXISTS "auth_permission_content_type_id_2f476e4b" ON "auth_permission" ("content_type_id");
CREATE UNIQUE INDEX "users_user_groups_user_id_group_id_b88eab82_uniq" ON "users_user_groups" ("user_id", "group_id");
CREATE INDEX IF NOT EXISTS "users_user_groups_user_id_5f6f5a90" ON "users_user_groups" ("user_id");
CREATE INDEX IF NOT EXISTS "users_user_groups_group_id_9afc8d0e" ON "users_user_groups" ("group_id");
CREATE UNIQUE INDEX "users_user_user_permissions_user_id_permission_id_43338c45_uniq" ON "users_user_user_permissions" ("user_id", "permission_id");
CREATE INDEX IF NOT EXISTS "users_user_user_permissions_user_id_20aca447" ON "users_user_user_permissions" ("user_id");
CREATE INDEX IF NOT EXISTS "users_user_user_permissions_permission_id_0b93982e" ON "users_user_user_permissions" ("permission_id");
CREATE INDEX IF NOT EXISTS "django_admin_log_content_type_id_c4bce8eb" ON "django_admin_log" ("content_type_id");
CREATE INDEX IF NOT EXISTS "django_admin_log_user_id_c564eba6" ON "django_admin_log" ("user_id");
CREATE INDEX IF NOT EXISTS "django_session_expire_date_a5c62663" ON "django_session" ("expire_date");
CREATE INDEX IF NOT EXISTS "store_goods_company_company_name_id_5f7b55a4" ON "store_goods_company" ("company_name_id");
CREATE INDEX IF NOT EXISTS "store_goods_company_company_goods_id_900ef196" ON "store_goods_company" ("company_goods_id");
CREATE INDEX IF NOT EXISTS "store_company_goods_company_id_adb0f41e" ON "store_company_goods" ("company_id");
CREATE INDEX IF NOT EXISTS "transactions_stock_company_id_6b396d1b" ON "transactions_stock" ("company_id");
CREATE INDEX IF NOT EXISTS "transactions_stock_company_goods_id_2fa5054b" ON "transactions_stock" ("company_goods_id");
CREATE INDEX IF NOT EXISTS "transactions_stock_goods_company_id_36fc55be" ON "transactions_stock" ("goods_company_id");
CREATE INDEX IF NOT EXISTS "transactions_inward_agent_id_c02fc335" ON "transactions_inward" ("agent_id");
CREATE INDEX IF NOT EXISTS "transactions_inward_company_id_32443280" ON "transactions_inward" ("company_id");
CREATE INDEX IF NOT EXISTS "transactions_inward_company_goods_id_a76c74fd" ON "transactions_inward" ("company_goods_id");
CREATE INDEX IF NOT EXISTS "transactions_inward_goods_company_id_bba0f75a" ON "transactions_inward" ("goods_company_id");
CREATE INDEX IF NOT EXISTS "transactions_outward_agent_id_7d293aab" ON "transactions_outward" ("agent_id");
CREATE INDEX IF NOT EXISTS "transactions_outward_company_id_dc1a3f9c" ON "transactions_outward" ("company_id");
CREATE INDEX IF NOT EXISTS "transactions_outward_company_goods_id_e59e35c6" ON "transactions_outward" ("company_goods_id");
CREATE INDEX IF NOT EXISTS "transactions_outward_goods_company_id_e3ca0de6" ON "transactions_outward" ("goods_company_id");
CREATE INDEX IF NOT EXISTS "transactions_supply_return_agent_id_28b5370e" ON "transactions_supply_return" ("agent_id");
CREATE INDEX IF NOT EXISTS "transactions_supply_return_company_id_03a328a1" ON "transactions_supply_return" ("company_id");
CREATE INDEX IF NOT EXISTS "transactions_supply_return_company_goods_id_5e9333a7" ON "transactions_supply_return" ("company_goods_id");
CREATE INDEX IF NOT EXISTS "transactions_supply_return_goods_company_id_fdab9079" ON "transactions_supply_return" ("goods_company_id");
CREATE TABLE IF NOT EXISTS "users_user" ("id" integer NOT NULL PRIMARY KEY AUTOINCREMENT, "password" varchar(128) NOT NULL, "last_login" datetime NULL, "is_superuser" bool NOT NULL, "username" varchar(150) NOT NULL UNIQUE, "first_name" varchar(30) NOT NULL, "last_name" varchar(150) NOT NULL, "email" varchar(254) NOT NULL, "is_staff" bool NOT NULL, "is_active" bool NOT NULL, "date_joined" datetime NOT NULL, "is_buyer" bool NOT NULL, "is_supplier" bool NOT NULL, "is_admin" bool NOT NULL);
INSERT INTO "users_user" VALUES(1,'pbkdf2_sha256$180000$ywwAGrN2J7vr$NUVTcJT543EGedpru6vIyC+7mAaNNbVmX+lGTB0KpuQ=','2022-01-12 08:40:55.055097',1,'admin','','','admin@gmail.com',1,1,'2022-01-12 08:40:42.567363',0,0,0);
INSERT INTO "users_user" VALUES(2,'pbkdf2_sha256$260000$UfLbBDMx5m6Q4jdxX4nfRF$IIq7Op/dqX825H9Gp+gras0zra24cT9q+O7/NkFPgEk=','2021-10-04 04:55:08',0,'we','wewe','wewe','fdss@gmail.com',0,1,'2022-01-12 08:48:05',0,0,0);
CREATE UNIQUE INDEX "django_content_type_app_label_model_76bd3d3b_uniq" ON "django_content_type" ("app_label", "model");
CREATE UNIQUE INDEX "auth_group_permissions_group_id_permission_id_0cd325b0_uniq" ON "auth_group_permissions" ("group_id", "permission_id");
CREATE INDEX IF NOT EXISTS "auth_group_permissions_group_id_b120cbf9" ON "auth_group_permissions" ("group_id");
CREATE INDEX IF NOT EXISTS "auth_group_permissions_permission_id_84c5c92e" ON "auth_group_permissions" ("permission_id");
CREATE UNIQUE INDEX "auth_permission_content_type_id_codename_01ab375a_uniq" ON "auth_permission" ("content_type_id", "codename");
CREATE INDEX IF NOT EXISTS "auth_permission_content_type_id_2f476e4b" ON "auth_permission" ("content_type_id");
CREATE UNIQUE INDEX "users_user_groups_user_id_group_id_b88eab82_uniq" ON "users_user_groups" ("user_id", "group_id");
CREATE INDEX IF NOT EXISTS "users_user_groups_user_id_5f6f5a90" ON "users_user_groups" ("user_id");
CREATE INDEX IF NOT EXISTS "users_user_groups_group_id_9afc8d0e" ON "users_user_groups" ("group_id");
CREATE UNIQUE INDEX "users_user_user_permissions_user_id_permission_id_43338c45_uniq" ON "users_user_user_permissions" ("user_id", "permission_id");
CREATE INDEX IF NOT EXISTS "users_user_user_permissions_user_id_20aca447" ON "users_user_user_permissions" ("user_id");
CREATE INDEX IF NOT EXISTS "users_user_user_permissions_permission_id_0b93982e" ON "users_user_user_permissions" ("permission_id");
CREATE INDEX IF NOT EXISTS "django_admin_log_content_type_id_c4bce8eb" ON "django_admin_log" ("content_type_id");
CREATE INDEX IF NOT EXISTS "django_admin_log_user_id_c564eba6" ON "django_admin_log" ("user_id");
CREATE INDEX IF NOT EXISTS "django_session_expire_date_a5c62663" ON "django_session" ("expire_date");
CREATE INDEX IF NOT EXISTS "store_goods_company_company_name_id_5f7b55a4" ON "store_goods_company" ("company_name_id");
CREATE INDEX IF NOT EXISTS "store_goods_company_company_goods_id_900ef196" ON "store_goods_company" ("company_goods_id");
CREATE INDEX IF NOT EXISTS "store_company_goods_company_id_adb0f41e" ON "store_company_goods" ("company_id");
CREATE INDEX IF NOT EXISTS "transactions_stock_company_id_6b396d1b" ON "transactions_stock" ("company_id");
CREATE INDEX IF NOT EXISTS "transactions_stock_company_goods_id_2fa5054b" ON "transactions_stock" ("company_goods_id");
CREATE INDEX IF NOT EXISTS "transactions_stock_goods_company_id_36fc55be" ON "transactions_stock" ("goods_company_id");
CREATE INDEX IF NOT EXISTS "transactions_inward_agent_id_c02fc335" ON "transactions_inward" ("agent_id");
CREATE INDEX IF NOT EXISTS "transactions_inward_company_id_32443280" ON "transactions_inward" ("company_id");
CREATE INDEX IF NOT EXISTS "transactions_inward_company_goods_id_a76c74fd" ON "transactions_inward" ("company_goods_id");
CREATE INDEX IF NOT EXISTS "transactions_inward_goods_company_id_bba0f75a" ON "transactions_inward" ("goods_company_id");
CREATE INDEX IF NOT EXISTS "transactions_outward_agent_id_7d293aab" ON "transactions_outward" ("agent_id");
CREATE INDEX IF NOT EXISTS "transactions_outward_company_id_dc1a3f9c" ON "transactions_outward" ("company_id");
CREATE INDEX IF NOT EXISTS "transactions_outward_company_goods_id_e59e35c6" ON "transactions_outward" ("company_goods_id");
CREATE INDEX IF NOT EXISTS "transactions_outward_goods_company_id_e3ca0de6" ON "transactions_outward" ("goods_company_id");
CREATE INDEX IF NOT EXISTS "transactions_supply_return_agent_id_28b5370e" ON "transactions_supply_return" ("agent_id");
CREATE INDEX IF NOT EXISTS "transactions_supply_return_company_id_03a328a1" ON "transactions_supply_return" ("company_id");
CREATE INDEX IF NOT EXISTS "transactions_supply_return_company_goods_id_5e9333a7" ON "transactions_supply_return" ("company_goods_id");
CREATE INDEX IF NOT EXISTS "transactions_supply_return_goods_company_id_fdab9079" ON "transactions_supply_return" ("goods_company_id");
CREATE TABLE IF NOT EXISTS "users_user_groups" ("id" integer NOT NULL PRIMARY KEY AUTOINCREMENT, "user_id" integer NOT NULL REFERENCES "users_user" ("id") DEFERRABLE INITIALLY DEFERRED, "group_id" integer NOT NULL REFERENCES "auth_group" ("id") DEFERRABLE INITIALLY DEFERRED);
CREATE UNIQUE INDEX "django_content_type_app_label_model_76bd3d3b_uniq" ON "django_content_type" ("app_label", "model");
CREATE UNIQUE INDEX "auth_group_permissions_group_id_permission_id_0cd325b0_uniq" ON "auth_group_permissions" ("group_id", "permission_id");
CREATE INDEX IF NOT EXISTS "auth_group_permissions_group_id_b120cbf9" ON "auth_group_permissions" ("group_id");
CREATE INDEX IF NOT EXISTS "auth_group_permissions_permission_id_84c5c92e" ON "auth_group_permissions" ("permission_id");
CREATE UNIQUE INDEX "auth_permission_content_type_id_codename_01ab375a_uniq" ON "auth_permission" ("content_type_id", "codename");
CREATE INDEX IF NOT EXISTS "auth_permission_content_type_id_2f476e4b" ON "auth_permission" ("content_type_id");
CREATE UNIQUE INDEX "users_user_groups_user_id_group_id_b88eab82_uniq" ON "users_user_groups" ("user_id", "group_id");
CREATE INDEX IF NOT EXISTS "users_user_groups_user_id_5f6f5a90" ON "users_user_groups" ("user_id");
CREATE INDEX IF NOT EXISTS "users_user_groups_group_id_9afc8d0e" ON "users_user_groups" ("group_id");
CREATE UNIQUE INDEX "users_user_user_permissions_user_id_permission_id_43338c45_uniq" ON "users_user_user_permissions" ("user_id", "permission_id");
CREATE INDEX IF NOT EXISTS "users_user_user_permissions_user_id_20aca447" ON "users_user_user_permissions" ("user_id");
CREATE INDEX IF NOT EXISTS "users_user_user_permissions_permission_id_0b93982e" ON "users_user_user_permissions" ("permission_id");
CREATE INDEX IF NOT EXISTS "django_admin_log_content_type_id_c4bce8eb" ON "django_admin_log" ("content_type_id");
CREATE INDEX IF NOT EXISTS "django_admin_log_user_id_c564eba6" ON "django_admin_log" ("user_id");
CREATE INDEX IF NOT EXISTS "django_session_expire_date_a5c62663" ON "django_session" ("expire_date");
CREATE INDEX IF NOT EXISTS "store_goods_company_company_name_id_5f7b55a4" ON "store_goods_company" ("company_name_id");
CREATE INDEX IF NOT EXISTS "store_goods_company_company_goods_id_900ef196" ON "store_goods_company" ("company_goods_id");
CREATE INDEX IF NOT EXISTS "store_company_goods_company_id_adb0f41e" ON "store_company_goods" ("company_id");
CREATE INDEX IF NOT EXISTS "transactions_stock_company_id_6b396d1b" ON "transactions_stock" ("company_id");
CREATE INDEX IF NOT EXISTS "transactions_stock_company_goods_id_2fa5054b" ON "transactions_stock" ("company_goods_id");
CREATE INDEX IF NOT EXISTS "transactions_stock_goods_company_id_36fc55be" ON "transactions_stock" ("goods_company_id");
CREATE INDEX IF NOT EXISTS "transactions_inward_agent_id_c02fc335" ON "transactions_inward" ("agent_id");
CREATE INDEX IF NOT EXISTS "transactions_inward_company_id_32443280" ON "transactions_inward" ("company_id");
CREATE INDEX IF NOT EXISTS "transactions_inward_company_goods_id_a76c74fd" ON "transactions_inward" ("company_goods_id");
CREATE INDEX IF NOT EXISTS "transactions_inward_goods_company_id_bba0f75a" ON "transactions_inward" ("goods_company_id");
CREATE INDEX IF NOT EXISTS "transactions_outward_agent_id_7d293aab" ON "transactions_outward" ("agent_id");
CREATE INDEX IF NOT EXISTS "transactions_outward_company_id_dc1a3f9c" ON "transactions_outward" ("company_id");
CREATE INDEX IF NOT EXISTS "transactions_outward_company_goods_id_e59e35c6" ON "transactions_outward" ("company_goods_id");
CREATE INDEX IF NOT EXISTS "transactions_outward_goods_company_id_e3ca0de6" ON "transactions_outward" ("goods_company_id");
CREATE INDEX IF NOT EXISTS "transactions_supply_return_agent_id_28b5370e" ON "transactions_supply_return" ("agent_id");
CREATE INDEX IF NOT EXISTS "transactions_supply_return_company_id_03a328a1" ON "transactions_supply_return" ("company_id");
CREATE INDEX IF NOT EXISTS "transactions_supply_return_company_goods_id_5e9333a7" ON "transactions_supply_return" ("company_goods_id");
CREATE INDEX IF NOT EXISTS "transactions_supply_return_goods_company_id_fdab9079" ON "transactions_supply_return" ("goods_company_id");
CREATE TABLE IF NOT EXISTS "users_user_user_permissions" ("id" integer NOT NULL PRIMARY KEY AUTOINCREMENT, "user_id" integer NOT NULL REFERENCES "users_user" ("id") DEFERRABLE INITIALLY DEFERRED, "permission_id" integer NOT NULL REFERENCES "auth_permission" ("id") DEFERRABLE INITIALLY DEFERRED);
CREATE UNIQUE INDEX "django_content_type_app_label_model_76bd3d3b_uniq" ON "django_content_type" ("app_label", "model");
CREATE UNIQUE INDEX "auth_group_permissions_group_id_permission_id_0cd325b0_uniq" ON "auth_group_permissions" ("group_id", "permission_id");
CREATE INDEX IF NOT EXISTS "auth_group_permissions_group_id_b120cbf9" ON "auth_group_permissions" ("group_id");
CREATE INDEX IF NOT EXISTS "auth_group_permissions_permission_id_84c5c92e" ON "auth_group_permissions" ("permission_id");
CREATE UNIQUE INDEX "auth_permission_content_type_id_codename_01ab375a_uniq" ON "auth_permission" ("content_type_id", "codename");
CREATE INDEX IF NOT EXISTS "auth_permission_content_type_id_2f476e4b" ON "auth_permission" ("content_type_id");
CREATE UNIQUE INDEX "users_user_groups_user_id_group_id_b88eab82_uniq" ON "users_user_groups" ("user_id", "group_id");
CREATE INDEX IF NOT EXISTS "users_user_groups_user_id_5f6f5a90" ON "users_user_groups" ("user_id");
CREATE INDEX IF NOT EXISTS "users_user_groups_group_id_9afc8d0e" ON "users_user_groups" ("group_id");
CREATE UNIQUE INDEX "users_user_user_permissions_user_id_permission_id_43338c45_uniq" ON "users_user_user_permissions" ("user_id", "permission_id");
CREATE INDEX IF NOT EXISTS "users_user_user_permissions_user_id_20aca447" ON "users_user_user_permissions" ("user_id");
CREATE INDEX IF NOT EXISTS "users_user_user_permissions_permission_id_0b93982e" ON "users_user_user_permissions" ("permission_id");
CREATE INDEX IF NOT EXISTS "django_admin_log_content_type_id_c4bce8eb" ON "django_admin_log" ("content_type_id");
CREATE INDEX IF NOT EXISTS "django_admin_log_user_id_c564eba6" ON "django_admin_log" ("user_id");
CREATE INDEX IF NOT EXISTS "django_session_expire_date_a5c62663" ON "django_session" ("expire_date");
CREATE INDEX IF NOT EXISTS "store_goods_company_company_name_id_5f7b55a4" ON "store_goods_company" ("company_name_id");
CREATE INDEX IF NOT EXISTS "store_goods_company_company_goods_id_900ef196" ON "store_goods_company" ("company_goods_id");
CREATE INDEX IF NOT EXISTS "store_company_goods_company_id_adb0f41e" ON "store_company_goods" ("company_id");
CREATE INDEX IF NOT EXISTS "transactions_stock_company_id_6b396d1b" ON "transactions_stock" ("company_id");
CREATE INDEX IF NOT EXISTS "transactions_stock_company_goods_id_2fa5054b" ON "transactions_stock" ("company_goods_id");
CREATE INDEX IF NOT EXISTS "transactions_stock_goods_company_id_36fc55be" ON "transactions_stock" ("goods_company_id");
CREATE INDEX IF NOT EXISTS "transactions_inward_agent_id_c02fc335" ON "transactions_inward" ("agent_id");
CREATE INDEX IF NOT EXISTS "transactions_inward_company_id_32443280" ON "transactions_inward" ("company_id");
CREATE INDEX IF NOT EXISTS "transactions_inward_company_goods_id_a76c74fd" ON "transactions_inward" ("company_goods_id");
CREATE INDEX IF NOT EXISTS "transactions_inward_goods_company_id_bba0f75a" ON "transactions_inward" ("goods_company_id");
CREATE INDEX IF NOT EXISTS "transactions_outward_agent_id_7d293aab" ON "transactions_outward" ("agent_id");
CREATE INDEX IF NOT EXISTS "transactions_outward_company_id_dc1a3f9c" ON "transactions_outward" ("company_id");
CREATE INDEX IF NOT EXISTS "transactions_outward_company_goods_id_e59e35c6" ON "transactions_outward" ("company_goods_id");
CREATE INDEX IF NOT EXISTS "transactions_outward_goods_company_id_e3ca0de6" ON "transactions_outward" ("goods_company_id");
CREATE INDEX IF NOT EXISTS "transactions_supply_return_agent_id_28b5370e" ON "transactions_supply_return" ("agent_id");
CREATE INDEX IF NOT EXISTS "transactions_supply_return_company_id_03a328a1" ON "transactions_supply_return" ("company_id");
CREATE INDEX IF NOT EXISTS "transactions_supply_return_company_goods_id_5e9333a7" ON "transactions_supply_return" ("company_goods_id");
CREATE INDEX IF NOT EXISTS "transactions_supply_return_goods_company_id_fdab9079" ON "transactions_supply_return" ("goods_company_id");
