CREATE TABLE IF NOT EXISTS "auth_group" ("id" integer NOT NULL PRIMARY KEY AUTOINCREMENT, "name" varchar(150) NOT NULL UNIQUE);
CREATE UNIQUE INDEX "django_content_type_app_label_model_76bd3d3b_uniq" ON "django_content_type" ("app_label", "model");
CREATE UNIQUE INDEX "auth_group_permissions_group_id_permission_id_0cd325b0_uniq" ON "auth_group_permissions" ("group_id", "permission_id");
CREATE INDEX IF NOT EXISTS "auth_group_permissions_group_id_b120cbf9" ON "auth_group_permissions" ("group_id");
CREATE INDEX IF NOT EXISTS "auth_group_permissions_permission_id_84c5c92e" ON "auth_group_permissions" ("permission_id");
CREATE UNIQUE INDEX "auth_permission_content_type_id_codename_01ab375a_uniq" ON "auth_permission" ("content_type_id", "codename");
CREATE INDEX IF NOT EXISTS "auth_permission_content_type_id_2f476e4b" ON "auth_permission" ("content_type_id");
CREATE UNIQUE INDEX "users_user_groups_user_id_group_id_b88eab82_uniq" ON "users_user_groups" ("user_id", "group_id");
CREATE INDEX IF NOT EXISTS "users_user_groups_user_id_5f6f5a90" ON "users_user_groups" ("user_id");
CREATE INDEX IF NOT EXISTS "users_user_groups_group_id_9afc8d0e" ON "users_user_groups" ("group_id");
CREATE UNIQUE INDEX "users_user_user_permissions_user_id_permission_id_43338c45_uniq" ON "users_user_user_permissions" ("user_id", "permission_id");
CREATE INDEX IF NOT EXISTS "users_user_user_permissions_user_id_20aca447" ON "users_user_user_permissions" ("user_id");
CREATE INDEX IF NOT EXISTS "users_user_user_permissions_permission_id_0b93982e" ON "users_user_user_permissions" ("permission_id");
CREATE INDEX IF NOT EXISTS "django_admin_log_content_type_id_c4bce8eb" ON "django_admin_log" ("content_type_id");
CREATE INDEX IF NOT EXISTS "django_admin_log_user_id_c564eba6" ON "django_admin_log" ("user_id");
CREATE INDEX IF NOT EXISTS "django_session_expire_date_a5c62663" ON "django_session" ("expire_date");
CREATE INDEX IF NOT EXISTS "store_goods_company_company_name_id_5f7b55a4" ON "store_goods_company" ("company_name_id");
CREATE INDEX IF NOT EXISTS "store_goods_company_company_goods_id_900ef196" ON "store_goods_company" ("company_goods_id");
CREATE INDEX IF NOT EXISTS "store_company_goods_company_id_adb0f41e" ON "store_company_goods" ("company_id");
CREATE INDEX IF NOT EXISTS "store_agent_company_id_5450b6d8" ON "store_agent" ("company_id");
CREATE INDEX IF NOT EXISTS "transactions_inward_agent_id_c02fc335" ON "transactions_inward" ("agent_id");
CREATE INDEX IF NOT EXISTS "transactions_inward_company_id_32443280" ON "transactions_inward" ("company_id");
CREATE INDEX IF NOT EXISTS "transactions_inward_company_goods_id_a76c74fd" ON "transactions_inward" ("company_goods_id");
CREATE INDEX IF NOT EXISTS "transactions_inward_goods_company_id_bba0f75a" ON "transactions_inward" ("goods_company_id");
CREATE INDEX IF NOT EXISTS "transactions_outward_agent_id_7d293aab" ON "transactions_outward" ("agent_id");
CREATE INDEX IF NOT EXISTS "transactions_outward_company_id_dc1a3f9c" ON "transactions_outward" ("company_id");
CREATE INDEX IF NOT EXISTS "transactions_outward_company_goods_id_e59e35c6" ON "transactions_outward" ("company_goods_id");
CREATE INDEX IF NOT EXISTS "transactions_outward_goods_company_id_e3ca0de6" ON "transactions_outward" ("goods_company_id");
CREATE INDEX IF NOT EXISTS "transactions_stock_company_id_6b396d1b" ON "transactions_stock" ("company_id");
CREATE INDEX IF NOT EXISTS "transactions_stock_company_goods_id_2fa5054b" ON "transactions_stock" ("company_goods_id");
CREATE INDEX IF NOT EXISTS "transactions_stock_goods_company_id_36fc55be" ON "transactions_stock" ("goods_company_id");
CREATE INDEX IF NOT EXISTS "transactions_supply_return_agent_id_28b5370e" ON "transactions_supply_return" ("agent_id");
CREATE INDEX IF NOT EXISTS "transactions_supply_return_company_id_03a328a1" ON "transactions_supply_return" ("company_id");
CREATE INDEX IF NOT EXISTS "transactions_supply_return_company_goods_id_5e9333a7" ON "transactions_supply_return" ("company_goods_id");
CREATE INDEX IF NOT EXISTS "transactions_supply_return_goods_company_id_fdab9079" ON "transactions_supply_return" ("goods_company_id");
CREATE TABLE IF NOT EXISTS "auth_group_permissions" ("id" integer NOT NULL PRIMARY KEY AUTOINCREMENT, "group_id" integer NOT NULL REFERENCES "auth_group" ("id") DEFERRABLE INITIALLY DEFERRED, "permission_id" integer NOT NULL REFERENCES "auth_permission" ("id") DEFERRABLE INITIALLY DEFERRED);
CREATE UNIQUE INDEX "django_content_type_app_label_model_76bd3d3b_uniq" ON "django_content_type" ("app_label", "model");
CREATE UNIQUE INDEX "auth_group_permissions_group_id_permission_id_0cd325b0_uniq" ON "auth_group_permissions" ("group_id", "permission_id");
CREATE INDEX IF NOT EXISTS "auth_group_permissions_group_id_b120cbf9" ON "auth_group_permissions" ("group_id");
CREATE INDEX IF NOT EXISTS "auth_group_permissions_permission_id_84c5c92e" ON "auth_group_permissions" ("permission_id");
CREATE UNIQUE INDEX "auth_permission_content_type_id_codename_01ab375a_uniq" ON "auth_permission" ("content_type_id", "codename");
CREATE INDEX IF NOT EXISTS "auth_permission_content_type_id_2f476e4b" ON "auth_permission" ("content_type_id");
CREATE UNIQUE INDEX "users_user_groups_user_id_group_id_b88eab82_uniq" ON "users_user_groups" ("user_id", "group_id");
CREATE INDEX IF NOT EXISTS "users_user_groups_user_id_5f6f5a90" ON "users_user_groups" ("user_id");
CREATE INDEX IF NOT EXISTS "users_user_groups_group_id_9afc8d0e" ON "users_user_groups" ("group_id");
CREATE UNIQUE INDEX "users_user_user_permissions_user_id_permission_id_43338c45_uniq" ON "users_user_user_permissions" ("user_id", "permission_id");
CREATE INDEX IF NOT EXISTS "users_user_user_permissions_user_id_20aca447" ON "users_user_user_permissions" ("user_id");
CREATE INDEX IF NOT EXISTS "users_user_user_permissions_permission_id_0b93982e" ON "users_user_user_permissions" ("permission_id");
CREATE INDEX IF NOT EXISTS "django_admin_log_content_type_id_c4bce8eb" ON "django_admin_log" ("content_type_id");
CREATE INDEX IF NOT EXISTS "django_admin_log_user_id_c564eba6" ON "django_admin_log" ("user_id");
CREATE INDEX IF NOT EXISTS "django_session_expire_date_a5c62663" ON "django_session" ("expire_date");
CREATE INDEX IF NOT EXISTS "store_goods_company_company_name_id_5f7b55a4" ON "store_goods_company" ("company_name_id");
CREATE INDEX IF NOT EXISTS "store_goods_company_company_goods_id_900ef196" ON "store_goods_company" ("company_goods_id");
CREATE INDEX IF NOT EXISTS "store_company_goods_company_id_adb0f41e" ON "store_company_goods" ("company_id");
CREATE INDEX IF NOT EXISTS "store_agent_company_id_5450b6d8" ON "store_agent" ("company_id");
CREATE INDEX IF NOT EXISTS "transactions_inward_agent_id_c02fc335" ON "transactions_inward" ("agent_id");
CREATE INDEX IF NOT EXISTS "transactions_inward_company_id_32443280" ON "transactions_inward" ("company_id");
CREATE INDEX IF NOT EXISTS "transactions_inward_company_goods_id_a76c74fd" ON "transactions_inward" ("company_goods_id");
CREATE INDEX IF NOT EXISTS "transactions_inward_goods_company_id_bba0f75a" ON "transactions_inward" ("goods_company_id");
CREATE INDEX IF NOT EXISTS "transactions_outward_agent_id_7d293aab" ON "transactions_outward" ("agent_id");
CREATE INDEX IF NOT EXISTS "transactions_outward_company_id_dc1a3f9c" ON "transactions_outward" ("company_id");
CREATE INDEX IF NOT EXISTS "transactions_outward_company_goods_id_e59e35c6" ON "transactions_outward" ("company_goods_id");
CREATE INDEX IF NOT EXISTS "transactions_outward_goods_company_id_e3ca0de6" ON "transactions_outward" ("goods_company_id");
CREATE INDEX IF NOT EXISTS "transactions_stock_company_id_6b396d1b" ON "transactions_stock" ("company_id");
CREATE INDEX IF NOT EXISTS "transactions_stock_company_goods_id_2fa5054b" ON "transactions_stock" ("company_goods_id");
CREATE INDEX IF NOT EXISTS "transactions_stock_goods_company_id_36fc55be" ON "transactions_stock" ("goods_company_id");
CREATE INDEX IF NOT EXISTS "transactions_supply_return_agent_id_28b5370e" ON "transactions_supply_return" ("agent_id");
CREATE INDEX IF NOT EXISTS "transactions_supply_return_company_id_03a328a1" ON "transactions_supply_return" ("company_id");
CREATE INDEX IF NOT EXISTS "transactions_supply_return_company_goods_id_5e9333a7" ON "transactions_supply_return" ("company_goods_id");
CREATE INDEX IF NOT EXISTS "transactions_supply_return_goods_company_id_fdab9079" ON "transactions_supply_return" ("goods_company_id");
CREATE TABLE IF NOT EXISTS "auth_permission" ("id" integer NOT NULL PRIMARY KEY AUTOINCREMENT, "content_type_id" integer NOT NULL REFERENCES "django_content_type" ("id") DEFERRABLE INITIALLY DEFERRED, "codename" varchar(100) NOT NULL, "name" varchar(255) NOT NULL);
INSERT INTO "auth_permission" VALUES(1,1,'add_logentry','Can add log entry');
INSERT INTO "auth_permission" VALUES(2,1,'change_logentry','Can change log entry');
INSERT INTO "auth_permission" VALUES(3,1,'delete_logentry','Can delete log entry');
INSERT INTO "auth_permission" VALUES(4,1,'view_logentry','Can view log entry');
INSERT INTO "auth_permission" VALUES(5,2,'add_permission','Can add permission');
INSERT INTO "auth_permission" VALUES(6,2,'change_permission','Can change permission');
INSERT INTO "auth_permission" VALUES(7,2,'delete_permission','Can delete permission');
INSERT INTO "auth_permission" VALUES(8,2,'view_permission','Can view permission');
INSERT INTO "auth_permission" VALUES(9,3,'add_group','Can add group');
INSERT INTO "auth_permission" VALUES(10,3,'change_group','Can change group');
INSERT INTO "auth_permission" VALUES(11,3,'delete_group','Can delete group');
INSERT INTO "auth_permission" VALUES(12,3,'view_group','Can view group');
INSERT INTO "auth_permission" VALUES(13,4,'add_contenttype','Can add content type');
INSERT INTO "auth_permission" VALUES(14,4,'change_contenttype','Can change content type');
INSERT INTO "auth_permission" VALUES(15,4,'delete_contenttype','Can delete content type');
INSERT INTO "auth_permission" VALUES(16,4,'view_contenttype','Can view content type');
INSERT INTO "auth_permission" VALUES(17,5,'add_session','Can add session');
INSERT INTO "auth_permission" VALUES(18,5,'change_session','Can change session');
INSERT INTO "auth_permission" VALUES(19,5,'delete_session','Can delete session');
INSERT INTO "auth_permission" VALUES(20,5,'view_session','Can view session');
INSERT INTO "auth_permission" VALUES(21,6,'add_company','Can add company');
INSERT INTO "auth_permission" VALUES(22,6,'change_company','Can change company');
INSERT INTO "auth_permission" VALUES(23,6,'delete_company','Can delete company');
INSERT INTO "auth_permission" VALUES(24,6,'view_company','Can view company');
INSERT INTO "auth_permission" VALUES(25,7,'add_company_goods','Can add company_goods');
INSERT INTO "auth_permission" VALUES(26,7,'change_company_goods','Can change company_goods');
INSERT INTO "auth_permission" VALUES(27,7,'delete_company_goods','Can delete company_goods');
INSERT INTO "auth_permission" VALUES(28,7,'view_company_goods','Can view company_goods');
INSERT INTO "auth_permission" VALUES(29,8,'add_goods_company','Can add goods_company');
INSERT INTO "auth_permission" VALUES(30,8,'change_goods_company','Can change goods_company');
INSERT INTO "auth_permission" VALUES(31,8,'delete_goods_company','Can delete goods_company');
INSERT INTO "auth_permission" VALUES(32,8,'view_goods_company','Can view goods_company');
INSERT INTO "auth_permission" VALUES(33,9,'add_agent','Can add agent');
INSERT INTO "auth_permission" VALUES(34,9,'change_agent','Can change agent');
INSERT INTO "auth_permission" VALUES(35,9,'delete_agent','Can delete agent');
INSERT INTO "auth_permission" VALUES(36,9,'view_agent','Can view agent');
INSERT INTO "auth_permission" VALUES(37,10,'add_user','Can add user');
INSERT INTO "auth_permission" VALUES(38,10,'change_user','Can change user');
INSERT INTO "auth_permission" VALUES(39,10,'delete_user','Can delete user');
INSERT INTO "auth_permission" VALUES(40,10,'view_user','Can view user');
INSERT INTO "auth_permission" VALUES(41,11,'add_outward','Can add outward');
INSERT INTO "auth_permission" VALUES(42,11,'change_outward','Can change outward');
INSERT INTO "auth_permission" VALUES(43,11,'delete_outward','Can delete outward');
INSERT INTO "auth_permission" VALUES(44,11,'view_outward','Can view outward');
INSERT INTO "auth_permission" VALUES(45,12,'add_inward','Can add inward');
INSERT INTO "auth_permission" VALUES(46,12,'change_inward','Can change inward');
INSERT INTO "auth_permission" VALUES(47,12,'delete_inward','Can delete inward');
INSERT INTO "auth_permission" VALUES(48,12,'view_inward','Can view inward');
INSERT INTO "auth_permission" VALUES(49,13,'add_stock','Can add stock');
INSERT INTO "auth_permission" VALUES(50,13,'change_stock','Can change stock');
INSERT INTO "auth_permission" VALUES(51,13,'delete_stock','Can delete stock');
INSERT INTO "auth_permission" VALUES(52,13,'view_stock','Can view stock');
INSERT INTO "auth_permission" VALUES(53,14,'add_supply_return','Can add supply_return');
INSERT INTO "auth_permission" VALUES(54,14,'change_supply_return','Can change supply_return');
INSERT INTO "auth_permission" VALUES(55,14,'delete_supply_return','Can delete supply_return');
INSERT INTO "auth_permission" VALUES(56,14,'view_supply_return','Can view supply_return');
CREATE UNIQUE INDEX "django_content_type_app_label_model_76bd3d3b_uniq" ON "django_content_type" ("app_label", "model");
CREATE UNIQUE INDEX "auth_group_permissions_group_id_permission_id_0cd325b0_uniq" ON "auth_group_permissions" ("group_id", "permission_id");
CREATE INDEX IF NOT EXISTS "auth_group_permissions_group_id_b120cbf9" ON "auth_group_permissions" ("group_id");
CREATE INDEX IF NOT EXISTS "auth_group_permissions_permission_id_84c5c92e" ON "auth_group_permissions" ("permission_id");
CREATE UNIQUE INDEX "auth_permission_content_type_id_codename_01ab375a_uniq" ON "auth_permission" ("content_type_id", "codename");
CREATE INDEX IF NOT EXISTS "auth_permission_content_type_id_2f476e4b" ON "auth_permission" ("content_type_id");
CREATE UNIQUE INDEX "users_user_groups_user_id_group_id_b88eab82_uniq" ON "users_user_groups" ("user_id", "group_id");
CREATE INDEX IF NOT EXISTS "users_user_groups_user_id_5f6f5a90" ON "users_user_groups" ("user_id");
CREATE INDEX IF NOT EXISTS "users_user_groups_group_id_9afc8d0e" ON "users_user_groups" ("group_id");
CREATE UNIQUE INDEX "users_user_user_permissions_user_id_permission_id_43338c45_uniq" ON "users_user_user_permissions" ("user_id", "permission_id");
CREATE INDEX IF NOT EXISTS "users_user_user_permissions_user_id_20aca447" ON "users_user_user_permissions" ("user_id");
CREATE INDEX IF NOT EXISTS "users_user_user_permissions_permission_id_0b93982e" ON "users_user_user_permissions" ("permission_id");
CREATE INDEX IF NOT EXISTS "django_admin_log_content_type_id_c4bce8eb" ON "django_admin_log" ("content_type_id");
CREATE INDEX IF NOT EXISTS "django_admin_log_user_id_c564eba6" ON "django_admin_log" ("user_id");
CREATE INDEX IF NOT EXISTS "django_session_expire_date_a5c62663" ON "django_session" ("expire_date");
CREATE INDEX IF NOT EXISTS "store_goods_company_company_name_id_5f7b55a4" ON "store_goods_company" ("company_name_id");
CREATE INDEX IF NOT EXISTS "store_goods_company_company_goods_id_900ef196" ON "store_goods_company" ("company_goods_id");
CREATE INDEX IF NOT EXISTS "store_company_goods_company_id_adb0f41e" ON "store_company_goods" ("company_id");
CREATE INDEX IF NOT EXISTS "store_agent_company_id_5450b6d8" ON "store_agent" ("company_id");
CREATE INDEX IF NOT EXISTS "transactions_inward_agent_id_c02fc335" ON "transactions_inward" ("agent_id");
CREATE INDEX IF NOT EXISTS "transactions_inward_company_id_32443280" ON "transactions_inward" ("company_id");
CREATE INDEX IF NOT EXISTS "transactions_inward_company_goods_id_a76c74fd" ON "transactions_inward" ("company_goods_id");
CREATE INDEX IF NOT EXISTS "transactions_inward_goods_company_id_bba0f75a" ON "transactions_inward" ("goods_company_id");
CREATE INDEX IF NOT EXISTS "transactions_outward_agent_id_7d293aab" ON "transactions_outward" ("agent_id");
CREATE INDEX IF NOT EXISTS "transactions_outward_company_id_dc1a3f9c" ON "transactions_outward" ("company_id");
CREATE INDEX IF NOT EXISTS "transactions_outward_company_goods_id_e59e35c6" ON "transactions_outward" ("company_goods_id");
CREATE INDEX IF NOT EXISTS "transactions_outward_goods_company_id_e3ca0de6" ON "transactions_outward" ("goods_company_id");
CREATE INDEX IF NOT EXISTS "transactions_stock_company_id_6b396d1b" ON "transactions_stock" ("company_id");
CREATE INDEX IF NOT EXISTS "transactions_stock_company_goods_id_2fa5054b" ON "transactions_stock" ("company_goods_id");
CREATE INDEX IF NOT EXISTS "transactions_stock_goods_company_id_36fc55be" ON "transactions_stock" ("goods_company_id");
CREATE INDEX IF NOT EXISTS "transactions_supply_return_agent_id_28b5370e" ON "transactions_supply_return" ("agent_id");
CREATE INDEX IF NOT EXISTS "transactions_supply_return_company_id_03a328a1" ON "transactions_supply_return" ("company_id");
CREATE INDEX IF NOT EXISTS "transactions_supply_return_company_goods_id_5e9333a7" ON "transactions_supply_return" ("company_goods_id");
CREATE INDEX IF NOT EXISTS "transactions_supply_return_goods_company_id_fdab9079" ON "transactions_supply_return" ("goods_company_id");
CREATE TABLE IF NOT EXISTS "django_admin_log" ("id" integer NOT NULL PRIMARY KEY AUTOINCREMENT, "action_time" datetime NOT NULL, "object_id" text NULL, "object_repr" varchar(200) NOT NULL, "change_message" text NOT NULL, "content_type_id" integer NULL REFERENCES "django_content_type" ("id") DEFERRABLE INITIALLY DEFERRED, "user_id" integer NOT NULL REFERENCES "users_user" ("id") DEFERRABLE INITIALLY DEFERRED, "action_flag" smallint unsigned NOT NULL CHECK ("action_flag" >= 0));
INSERT INTO "django_admin_log" VALUES(1,'2022-02-25 22:47:00.176203','8','stock object (8)','[{"changed": {"fields": ["Total bag"]}}]',13,1,2);
INSERT INTO "django_admin_log" VALUES(2,'2022-02-28 17:53:26.774963','18','Sai Bhavya Seeds Pvt Ltd','[{"changed": {"fields": ["Bags", "DC number"]}}]',12,1,2);
INSERT INTO "django_admin_log" VALUES(3,'2022-02-28 17:53:53.264569','17','Sai Bhavya Seeds Pvt Ltd','[{"changed": {"fields": ["Bags", "DC number"]}}]',12,1,2);
INSERT INTO "django_admin_log" VALUES(4,'2022-02-28 18:35:13.488964','9','stock object (9)','[{"changed": {"fields": ["Total bag"]}}]',13,1,2);
INSERT INTO "django_admin_log" VALUES(5,'2022-02-28 18:35:17.342189','8','stock object (8)','[{"changed": {"fields": ["Total bag"]}}]',13,1,2);
INSERT INTO "django_admin_log" VALUES(6,'2022-02-28 18:35:28.798404','7','stock object (7)','[]',13,1,2);
INSERT INTO "django_admin_log" VALUES(7,'2022-02-28 18:35:30.485480','6','stock object (6)','[]',13,1,2);
INSERT INTO "django_admin_log" VALUES(8,'2022-02-28 19:31:27.606356','7','stock object (7)','[{"changed": {"fields": ["Total bag"]}}]',13,1,2);
INSERT INTO "django_admin_log" VALUES(9,'2022-02-28 19:38:21.129560','8','stock object (8)','[{"changed": {"fields": ["Total bag"]}}]',13,1,2);
INSERT INTO "django_admin_log" VALUES(10,'2022-02-28 19:38:38.897593','9','stock object (9)','[{"changed": {"fields": ["Total bag"]}}]',13,1,2);
INSERT INTO "django_admin_log" VALUES(11,'2022-02-28 19:38:43.368973','5','stock object (5)','[{"changed": {"fields": ["Total bag"]}}]',13,1,2);
INSERT INTO "django_admin_log" VALUES(12,'2022-02-28 19:39:37.287029','4','stock object (4)','[{"changed": {"fields": ["Total bag"]}}]',13,1,2);
INSERT INTO "django_admin_log" VALUES(13,'2022-02-28 19:41:02.733052','9','stock object (9)','[{"changed": {"fields": ["Total bag"]}}]',13,1,2);
INSERT INTO "django_admin_log" VALUES(14,'2022-02-28 19:41:09.485895','5','stock object (5)','[{"changed": {"fields": ["Total bag"]}}]',13,1,2);
INSERT INTO "django_admin_log" VALUES(15,'2022-02-28 19:47:31.083870','7','stock object (7)','',13,1,3);
INSERT INTO "django_admin_log" VALUES(16,'2022-02-28 19:51:01.207944','18','supply_return object (18)','',14,1,3);
CREATE UNIQUE INDEX "django_content_type_app_label_model_76bd3d3b_uniq" ON "django_content_type" ("app_label", "model");
CREATE UNIQUE INDEX "auth_group_permissions_group_id_permission_id_0cd325b0_uniq" ON "auth_group_permissions" ("group_id", "permission_id");
CREATE INDEX IF NOT EXISTS "auth_group_permissions_group_id_b120cbf9" ON "auth_group_permissions" ("group_id");
CREATE INDEX IF NOT EXISTS "auth_group_permissions_permission_id_84c5c92e" ON "auth_group_permissions" ("permission_id");
CREATE UNIQUE INDEX "auth_permission_content_type_id_codename_01ab375a_uniq" ON "auth_permission" ("content_type_id", "codename");
CREATE INDEX IF NOT EXISTS "auth_permission_content_type_id_2f476e4b" ON "auth_permission" ("content_type_id");
CREATE UNIQUE INDEX "users_user_groups_user_id_group_id_b88eab82_uniq" ON "users_user_groups" ("user_id", "group_id");
CREATE INDEX IF NOT EXISTS "users_user_groups_user_id_5f6f5a90" ON "users_user_groups" ("user_id");
CREATE INDEX IF NOT EXISTS "users_user_groups_group_id_9afc8d0e" ON "users_user_groups" ("group_id");
CREATE UNIQUE INDEX "users_user_user_permissions_user_id_permission_id_43338c45_uniq" ON "users_user_user_permissions" ("user_id", "permission_id");
CREATE INDEX IF NOT EXISTS "users_user_user_permissions_user_id_20aca447" ON "users_user_user_permissions" ("user_id");
CREATE INDEX IF NOT EXISTS "users_user_user_permissions_permission_id_0b93982e" ON "users_user_user_permissions" ("permission_id");
CREATE INDEX IF NOT EXISTS "django_admin_log_content_type_id_c4bce8eb" ON "django_admin_log" ("content_type_id");
CREATE INDEX IF NOT EXISTS "django_admin_log_user_id_c564eba6" ON "django_admin_log" ("user_id");
CREATE INDEX IF NOT EXISTS "django_session_expire_date_a5c62663" ON "django_session" ("expire_date");
CREATE INDEX IF NOT EXISTS "store_goods_company_company_name_id_5f7b55a4" ON "store_goods_company" ("company_name_id");
CREATE INDEX IF NOT EXISTS "store_goods_company_company_goods_id_900ef196" ON "store_goods_company" ("company_goods_id");
CREATE INDEX IF NOT EXISTS "store_company_goods_company_id_adb0f41e" ON "store_company_goods" ("company_id");
CREATE INDEX IF NOT EXISTS "store_agent_company_id_5450b6d8" ON "store_agent" ("company_id");
CREATE INDEX IF NOT EXISTS "transactions_inward_agent_id_c02fc335" ON "transactions_inward" ("agent_id");
CREATE INDEX IF NOT EXISTS "transactions_inward_company_id_32443280" ON "transactions_inward" ("company_id");
CREATE INDEX IF NOT EXISTS "transactions_inward_company_goods_id_a76c74fd" ON "transactions_inward" ("company_goods_id");
CREATE INDEX IF NOT EXISTS "transactions_inward_goods_company_id_bba0f75a" ON "transactions_inward" ("goods_company_id");
CREATE INDEX IF NOT EXISTS "transactions_outward_agent_id_7d293aab" ON "transactions_outward" ("agent_id");
CREATE INDEX IF NOT EXISTS "transactions_outward_company_id_dc1a3f9c" ON "transactions_outward" ("company_id");
CREATE INDEX IF NOT EXISTS "transactions_outward_company_goods_id_e59e35c6" ON "transactions_outward" ("company_goods_id");
CREATE INDEX IF NOT EXISTS "transactions_outward_goods_company_id_e3ca0de6" ON "transactions_outward" ("goods_company_id");
CREATE INDEX IF NOT EXISTS "transactions_stock_company_id_6b396d1b" ON "transactions_stock" ("company_id");
CREATE INDEX IF NOT EXISTS "transactions_stock_company_goods_id_2fa5054b" ON "transactions_stock" ("company_goods_id");
CREATE INDEX IF NOT EXISTS "transactions_stock_goods_company_id_36fc55be" ON "transactions_stock" ("goods_company_id");
CREATE INDEX IF NOT EXISTS "transactions_supply_return_agent_id_28b5370e" ON "transactions_supply_return" ("agent_id");
CREATE INDEX IF NOT EXISTS "transactions_supply_return_company_id_03a328a1" ON "transactions_supply_return" ("company_id");
CREATE INDEX IF NOT EXISTS "transactions_supply_return_company_goods_id_5e9333a7" ON "transactions_supply_return" ("company_goods_id");
CREATE INDEX IF NOT EXISTS "transactions_supply_return_goods_company_id_fdab9079" ON "transactions_supply_return" ("goods_company_id");
CREATE TABLE IF NOT EXISTS "django_content_type" ("id" integer NOT NULL PRIMARY KEY AUTOINCREMENT, "app_label" varchar(100) NOT NULL, "model" varchar(100) NOT NULL);
INSERT INTO "django_content_type" VALUES(1,'admin','logentry');
INSERT INTO "django_content_type" VALUES(2,'auth','permission');
INSERT INTO "django_content_type" VALUES(3,'auth','group');
INSERT INTO "django_content_type" VALUES(4,'contenttypes','contenttype');
INSERT INTO "django_content_type" VALUES(5,'sessions','session');
INSERT INTO "django_content_type" VALUES(6,'store','company');
INSERT INTO "django_content_type" VALUES(7,'store','company_goods');
INSERT INTO "django_content_type" VALUES(8,'store','goods_company');
INSERT INTO "django_content_type" VALUES(9,'store','agent');
INSERT INTO "django_content_type" VALUES(10,'users','user');
INSERT INTO "django_content_type" VALUES(11,'transactions','outward');
INSERT INTO "django_content_type" VALUES(12,'transactions','inward');
INSERT INTO "django_content_type" VALUES(13,'transactions','stock');
INSERT INTO "django_content_type" VALUES(14,'transactions','supply_return');
CREATE UNIQUE INDEX "django_content_type_app_label_model_76bd3d3b_uniq" ON "django_content_type" ("app_label", "model");
CREATE UNIQUE INDEX "auth_group_permissions_group_id_permission_id_0cd325b0_uniq" ON "auth_group_permissions" ("group_id", "permission_id");
CREATE INDEX IF NOT EXISTS "auth_group_permissions_group_id_b120cbf9" ON "auth_group_permissions" ("group_id");
CREATE INDEX IF NOT EXISTS "auth_group_permissions_permission_id_84c5c92e" ON "auth_group_permissions" ("permission_id");
CREATE UNIQUE INDEX "auth_permission_content_type_id_codename_01ab375a_uniq" ON "auth_permission" ("content_type_id", "codename");
CREATE INDEX IF NOT EXISTS "auth_permission_content_type_id_2f476e4b" ON "auth_permission" ("content_type_id");
CREATE UNIQUE INDEX "users_user_groups_user_id_group_id_b88eab82_uniq" ON "users_user_groups" ("user_id", "group_id");
CREATE INDEX IF NOT EXISTS "users_user_groups_user_id_5f6f5a90" ON "users_user_groups" ("user_id");
CREATE INDEX IF NOT EXISTS "users_user_groups_group_id_9afc8d0e" ON "users_user_groups" ("group_id");
CREATE UNIQUE INDEX "users_user_user_permissions_user_id_permission_id_43338c45_uniq" ON "users_user_user_permissions" ("user_id", "permission_id");
CREATE INDEX IF NOT EXISTS "users_user_user_permissions_user_id_20aca447" ON "users_user_user_permissions" ("user_id");
CREATE INDEX IF NOT EXISTS "users_user_user_permissions_permission_id_0b93982e" ON "users_user_user_permissions" ("permission_id");
CREATE INDEX IF NOT EXISTS "django_admin_log_content_type_id_c4bce8eb" ON "django_admin_log" ("content_type_id");
CREATE INDEX IF NOT EXISTS "django_admin_log_user_id_c564eba6" ON "django_admin_log" ("user_id");
CREATE INDEX IF NOT EXISTS "django_session_expire_date_a5c62663" ON "django_session" ("expire_date");
CREATE INDEX IF NOT EXISTS "store_goods_company_company_name_id_5f7b55a4" ON "store_goods_company" ("company_name_id");
CREATE INDEX IF NOT EXISTS "store_goods_company_company_goods_id_900ef196" ON "store_goods_company" ("company_goods_id");
CREATE INDEX IF NOT EXISTS "store_company_goods_company_id_adb0f41e" ON "store_company_goods" ("company_id");
CREATE INDEX IF NOT EXISTS "store_agent_company_id_5450b6d8" ON "store_agent" ("company_id");
CREATE INDEX IF NOT EXISTS "transactions_inward_agent_id_c02fc335" ON "transactions_inward" ("agent_id");
CREATE INDEX IF NOT EXISTS "transactions_inward_company_id_32443280" ON "transactions_inward" ("company_id");
CREATE INDEX IF NOT EXISTS "transactions_inward_company_goods_id_a76c74fd" ON "transactions_inward" ("company_goods_id");
CREATE INDEX IF NOT EXISTS "transactions_inward_goods_company_id_bba0f75a" ON "transactions_inward" ("goods_company_id");
CREATE INDEX IF NOT EXISTS "transactions_outward_agent_id_7d293aab" ON "transactions_outward" ("agent_id");
CREATE INDEX IF NOT EXISTS "transactions_outward_company_id_dc1a3f9c" ON "transactions_outward" ("company_id");
CREATE INDEX IF NOT EXISTS "transactions_outward_company_goods_id_e59e35c6" ON "transactions_outward" ("company_goods_id");
CREATE INDEX IF NOT EXISTS "transactions_outward_goods_company_id_e3ca0de6" ON "transactions_outward" ("goods_company_id");
CREATE INDEX IF NOT EXISTS "transactions_stock_company_id_6b396d1b" ON "transactions_stock" ("company_id");
CREATE INDEX IF NOT EXISTS "transactions_stock_company_goods_id_2fa5054b" ON "transactions_stock" ("company_goods_id");
CREATE INDEX IF NOT EXISTS "transactions_stock_goods_company_id_36fc55be" ON "transactions_stock" ("goods_company_id");
CREATE INDEX IF NOT EXISTS "transactions_supply_return_agent_id_28b5370e" ON "transactions_supply_return" ("agent_id");
CREATE INDEX IF NOT EXISTS "transactions_supply_return_company_id_03a328a1" ON "transactions_supply_return" ("company_id");
CREATE INDEX IF NOT EXISTS "transactions_supply_return_company_goods_id_5e9333a7" ON "transactions_supply_return" ("company_goods_id");
CREATE INDEX IF NOT EXISTS "transactions_supply_return_goods_company_id_fdab9079" ON "transactions_supply_return" ("goods_company_id");
CREATE TABLE IF NOT EXISTS "django_migrations" ("id" integer NOT NULL PRIMARY KEY AUTOINCREMENT, "app" varchar(255) NOT NULL, "name" varchar(255) NOT NULL, "applied" datetime NOT NULL);
INSERT INTO "django_migrations" VALUES(1,'contenttypes','0001_initial','2022-01-25 14:06:51.194163');
INSERT INTO "django_migrations" VALUES(2,'contenttypes','0002_remove_content_type_name','2022-01-25 14:06:51.223986');
INSERT INTO "django_migrations" VALUES(3,'auth','0001_initial','2022-01-25 14:06:51.263852');
INSERT INTO "django_migrations" VALUES(4,'auth','0002_alter_permission_name_max_length','2022-01-25 14:06:51.285793');
INSERT INTO "django_migrations" VALUES(5,'auth','0003_alter_user_email_max_length','2022-01-25 14:06:51.310224');
INSERT INTO "django_migrations" VALUES(6,'auth','0004_alter_user_username_opts','2022-01-25 14:06:51.324677');
INSERT INTO "django_migrations" VALUES(7,'auth','0005_alter_user_last_login_null','2022-01-25 14:06:51.342625');
INSERT INTO "django_migrations" VALUES(8,'auth','0006_require_contenttypes_0002','2022-01-25 14:06:51.351231');
INSERT INTO "django_migrations" VALUES(9,'auth','0007_alter_validators_add_error_messages','2022-01-25 14:06:51.378573');
INSERT INTO "django_migrations" VALUES(10,'auth','0008_alter_user_username_max_length','2022-01-25 14:06:51.393554');
INSERT INTO "django_migrations" VALUES(11,'auth','0009_alter_user_last_name_max_length','2022-01-25 14:06:51.410812');
INSERT INTO "django_migrations" VALUES(12,'auth','0010_alter_group_name_max_length','2022-01-25 14:06:51.427435');
INSERT INTO "django_migrations" VALUES(13,'auth','0011_update_proxy_permissions','2022-01-25 14:06:51.448438');
INSERT INTO "django_migrations" VALUES(14,'users','0001_initial','2022-01-25 14:06:51.472284');
INSERT INTO "django_migrations" VALUES(15,'admin','0001_initial','2022-01-25 14:06:51.506190');
INSERT INTO "django_migrations" VALUES(16,'admin','0002_logentry_remove_auto_add','2022-01-25 14:06:51.560046');
INSERT INTO "django_migrations" VALUES(17,'admin','0003_logentry_add_action_flag_choices','2022-01-25 14:06:51.592993');
INSERT INTO "django_migrations" VALUES(18,'sessions','0001_initial','2022-01-25 14:06:51.604200');
INSERT INTO "django_migrations" VALUES(19,'store','0001_initial','2022-01-25 14:06:51.746445');
INSERT INTO "django_migrations" VALUES(20,'store','0002_agent','2022-01-25 14:06:51.759411');
INSERT INTO "django_migrations" VALUES(21,'store','0003_auto_20211230_0236','2022-01-25 14:06:51.819805');
INSERT INTO "django_migrations" VALUES(22,'store','0004_goods_company_goods_company_name','2022-01-25 14:06:51.845480');
INSERT INTO "django_migrations" VALUES(23,'store','0005_auto_20211230_1302','2022-01-25 14:06:51.865422');
INSERT INTO "django_migrations" VALUES(24,'store','0006_auto_20211230_1311','2022-01-25 14:06:51.888362');
INSERT INTO "django_migrations" VALUES(25,'store','0007_auto_20211230_1312','2022-01-25 14:06:51.905731');
INSERT INTO "django_migrations" VALUES(26,'store','0008_auto_20211230_1313','2022-01-25 14:06:51.927727');
INSERT INTO "django_migrations" VALUES(27,'store','0009_auto_20211230_1314','2022-01-25 14:06:51.949581');
INSERT INTO "django_migrations" VALUES(28,'store','0010_auto_20220110_1344','2022-01-25 14:06:51.981559');
INSERT INTO "django_migrations" VALUES(29,'store','0011_agent_place','2022-01-25 14:06:51.998710');
INSERT INTO "django_migrations" VALUES(30,'store','0012_auto_20220110_2332','2022-01-25 14:06:52.019695');
INSERT INTO "django_migrations" VALUES(31,'store','0013_auto_20220110_2332','2022-01-25 14:06:52.043592');
INSERT INTO "django_migrations" VALUES(32,'store','0014_auto_20220110_2342','2022-01-25 14:06:52.063543');
INSERT INTO "django_migrations" VALUES(33,'store','0015_auto_20220110_2342','2022-01-25 14:06:52.086482');
INSERT INTO "django_migrations" VALUES(34,'store','0016_auto_20220112_0207','2022-01-25 14:06:52.329982');
INSERT INTO "django_migrations" VALUES(35,'store','0017_agent_address','2022-01-25 14:06:52.344941');
INSERT INTO "django_migrations" VALUES(36,'store','0018_agent_company','2022-01-25 14:06:52.366885');
INSERT INTO "django_migrations" VALUES(37,'store','0019_auto_20220115_1744','2022-01-25 14:06:52.386833');
INSERT INTO "django_migrations" VALUES(38,'store','0020_auto_20220115_1748','2022-01-25 14:06:52.407153');
INSERT INTO "django_migrations" VALUES(39,'transactions','0001_initial','2022-01-25 14:06:52.441062');
INSERT INTO "django_migrations" VALUES(40,'transactions','0002_auto_20211229_2225','2022-01-25 14:06:52.490926');
INSERT INTO "django_migrations" VALUES(41,'transactions','0003_auto_20220104_1753','2022-01-25 14:06:52.514031');
INSERT INTO "django_migrations" VALUES(42,'transactions','0004_auto_20220104_1800','2022-01-25 14:06:52.538807');
INSERT INTO "django_migrations" VALUES(43,'transactions','0005_stock','2022-01-25 14:06:52.555754');
INSERT INTO "django_migrations" VALUES(44,'transactions','0006_auto_20220104_1920','2022-01-25 14:06:52.578721');
INSERT INTO "django_migrations" VALUES(45,'transactions','0007_stock_total_pck','2022-01-25 14:06:52.604313');
INSERT INTO "django_migrations" VALUES(46,'transactions','0008_remove_stock_total_pck','2022-01-25 14:06:52.630215');
INSERT INTO "django_migrations" VALUES(47,'transactions','0009_stock_agent','2022-01-25 14:06:52.659135');
INSERT INTO "django_migrations" VALUES(48,'transactions','0010_remove_stock_agent','2022-01-25 14:06:52.687058');
INSERT INTO "django_migrations" VALUES(49,'transactions','0011_stock_agent','2022-01-25 14:06:52.718494');
INSERT INTO "django_migrations" VALUES(50,'transactions','0012_remove_stock_agent','2022-01-25 14:06:52.746388');
INSERT INTO "django_migrations" VALUES(51,'transactions','0013_supply_return','2022-01-25 14:06:52.765369');
INSERT INTO "django_migrations" VALUES(52,'transactions','0014_auto_20220112_0208','2022-01-25 14:06:52.845981');
INSERT INTO "django_migrations" VALUES(53,'transactions','0015_auto_20220113_0126','2022-01-25 14:06:52.902724');
INSERT INTO "django_migrations" VALUES(54,'transactions','0016_auto_20220113_1550','2022-01-25 14:06:52.934677');
INSERT INTO "django_migrations" VALUES(55,'users','0002_auto_20220125_1651','2022-01-25 14:06:52.974568');
INSERT INTO "django_migrations" VALUES(56,'users','0003_auto_20220125_1706','2022-01-25 14:06:53.023713');
INSERT INTO "django_migrations" VALUES(57,'users','0004_auto_20220125_1707','2022-01-25 14:06:53.063761');
INSERT INTO "django_migrations" VALUES(58,'users','0005_auto_20220125_1836','2022-01-25 14:06:53.087542');
INSERT INTO "django_migrations" VALUES(59,'users','0006_auto_20220125_1936','2022-01-25 14:06:53.191862');
INSERT INTO "django_migrations" VALUES(60,'store','0021_auto_20220222_1457','2022-02-22 09:27:23.174900');
INSERT INTO "django_migrations" VALUES(61,'transactions','0017_auto_20220222_1457','2022-02-22 09:27:23.210799');
INSERT INTO "django_migrations" VALUES(62,'store','0022_auto_20220223_1441','2022-02-23 09:11:30.246913');
INSERT INTO "django_migrations" VALUES(63,'transactions','0018_auto_20220224_1508','2022-02-24 09:38:51.733021');
INSERT INTO "django_migrations" VALUES(64,'transactions','0019_auto_20220224_1509','2022-02-24 09:39:16.805691');
INSERT INTO "django_migrations" VALUES(65,'transactions','0020_auto_20220224_1510','2022-02-24 09:40:12.744537');
INSERT INTO "django_migrations" VALUES(66,'transactions','0021_auto_20220224_1510','2022-02-24 09:40:52.163920');
INSERT INTO "django_migrations" VALUES(67,'transactions','0022_auto_20220301_0112','2022-02-28 19:42:51.156697');
CREATE UNIQUE INDEX "django_content_type_app_label_model_76bd3d3b_uniq" ON "django_content_type" ("app_label", "model");
CREATE UNIQUE INDEX "auth_group_permissions_group_id_permission_id_0cd325b0_uniq" ON "auth_group_permissions" ("group_id", "permission_id");
CREATE INDEX IF NOT EXISTS "auth_group_permissions_group_id_b120cbf9" ON "auth_group_permissions" ("group_id");
CREATE INDEX IF NOT EXISTS "auth_group_permissions_permission_id_84c5c92e" ON "auth_group_permissions" ("permission_id");
CREATE UNIQUE INDEX "auth_permission_content_type_id_codename_01ab375a_uniq" ON "auth_permission" ("content_type_id", "codename");
CREATE INDEX IF NOT EXISTS "auth_permission_content_type_id_2f476e4b" ON "auth_permission" ("content_type_id");
CREATE UNIQUE INDEX "users_user_groups_user_id_group_id_b88eab82_uniq" ON "users_user_groups" ("user_id", "group_id");
CREATE INDEX IF NOT EXISTS "users_user_groups_user_id_5f6f5a90" ON "users_user_groups" ("user_id");
CREATE INDEX IF NOT EXISTS "users_user_groups_group_id_9afc8d0e" ON "users_user_groups" ("group_id");
CREATE UNIQUE INDEX "users_user_user_permissions_user_id_permission_id_43338c45_uniq" ON "users_user_user_permissions" ("user_id", "permission_id");
CREATE INDEX IF NOT EXISTS "users_user_user_permissions_user_id_20aca447" ON "users_user_user_permissions" ("user_id");
CREATE INDEX IF NOT EXISTS "users_user_user_permissions_permission_id_0b93982e" ON "users_user_user_permissions" ("permission_id");
CREATE INDEX IF NOT EXISTS "django_admin_log_content_type_id_c4bce8eb" ON "django_admin_log" ("content_type_id");
CREATE INDEX IF NOT EXISTS "django_admin_log_user_id_c564eba6" ON "django_admin_log" ("user_id");
CREATE INDEX IF NOT EXISTS "django_session_expire_date_a5c62663" ON "django_session" ("expire_date");
CREATE INDEX IF NOT EXISTS "store_goods_company_company_name_id_5f7b55a4" ON "store_goods_company" ("company_name_id");
CREATE INDEX IF NOT EXISTS "store_goods_company_company_goods_id_900ef196" ON "store_goods_company" ("company_goods_id");
CREATE INDEX IF NOT EXISTS "store_company_goods_company_id_adb0f41e" ON "store_company_goods" ("company_id");
CREATE INDEX IF NOT EXISTS "store_agent_company_id_5450b6d8" ON "store_agent" ("company_id");
CREATE INDEX IF NOT EXISTS "transactions_inward_agent_id_c02fc335" ON "transactions_inward" ("agent_id");
CREATE INDEX IF NOT EXISTS "transactions_inward_company_id_32443280" ON "transactions_inward" ("company_id");
CREATE INDEX IF NOT EXISTS "transactions_inward_company_goods_id_a76c74fd" ON "transactions_inward" ("company_goods_id");
CREATE INDEX IF NOT EXISTS "transactions_inward_goods_company_id_bba0f75a" ON "transactions_inward" ("goods_company_id");
CREATE INDEX IF NOT EXISTS "transactions_outward_agent_id_7d293aab" ON "transactions_outward" ("agent_id");
CREATE INDEX IF NOT EXISTS "transactions_outward_company_id_dc1a3f9c" ON "transactions_outward" ("company_id");
CREATE INDEX IF NOT EXISTS "transactions_outward_company_goods_id_e59e35c6" ON "transactions_outward" ("company_goods_id");
CREATE INDEX IF NOT EXISTS "transactions_outward_goods_company_id_e3ca0de6" ON "transactions_outward" ("goods_company_id");
CREATE INDEX IF NOT EXISTS "transactions_stock_company_id_6b396d1b" ON "transactions_stock" ("company_id");
CREATE INDEX IF NOT EXISTS "transactions_stock_company_goods_id_2fa5054b" ON "transactions_stock" ("company_goods_id");
CREATE INDEX IF NOT EXISTS "transactions_stock_goods_company_id_36fc55be" ON "transactions_stock" ("goods_company_id");
CREATE INDEX IF NOT EXISTS "transactions_supply_return_agent_id_28b5370e" ON "transactions_supply_return" ("agent_id");
CREATE INDEX IF NOT EXISTS "transactions_supply_return_company_id_03a328a1" ON "transactions_supply_return" ("company_id");
CREATE INDEX IF NOT EXISTS "transactions_supply_return_company_goods_id_5e9333a7" ON "transactions_supply_return" ("company_goods_id");
CREATE INDEX IF NOT EXISTS "transactions_supply_return_goods_company_id_fdab9079" ON "transactions_supply_return" ("goods_company_id");
CREATE TABLE IF NOT EXISTS "django_session" ("session_key" varchar(40) NOT NULL PRIMARY KEY, "session_data" text NOT NULL, "expire_date" datetime NOT NULL);
INSERT INTO "django_session" VALUES('9wq94dm3hck86f41gkiu250c22bc0nvt','YzkyMDY4Nzg0YzY4NDlmNWI2ODQyNWZlN2Q1MGMzOWEzODVlM2E1NTp7Il9hdXRoX3VzZXJfaWQiOiIxIiwiX2F1dGhfdXNlcl9iYWNrZW5kIjoiZGphbmdvLmNvbnRyaWIuYXV0aC5iYWNrZW5kcy5Nb2RlbEJhY2tlbmQiLCJfYXV0aF91c2VyX2hhc2giOiJkNTRmYjBiYjI5MmQ0YWUwZmIxZTNlNjI4NWVlYjZhZjAyMGNiMDZlIn0=','2022-02-08 14:07:34.612288');
INSERT INTO "django_session" VALUES('if9zy2pnodkxscjouo0zhplxx61ppmqf','YzkyMDY4Nzg0YzY4NDlmNWI2ODQyNWZlN2Q1MGMzOWEzODVlM2E1NTp7Il9hdXRoX3VzZXJfaWQiOiIxIiwiX2F1dGhfdXNlcl9iYWNrZW5kIjoiZGphbmdvLmNvbnRyaWIuYXV0aC5iYWNrZW5kcy5Nb2RlbEJhY2tlbmQiLCJfYXV0aF91c2VyX2hhc2giOiJkNTRmYjBiYjI5MmQ0YWUwZmIxZTNlNjI4NWVlYjZhZjAyMGNiMDZlIn0=','2022-02-10 11:36:05.309665');
INSERT INTO "django_session" VALUES('vc44lqerwce28nsz9cyszj6gu6pbm8gy','YzkyMDY4Nzg0YzY4NDlmNWI2ODQyNWZlN2Q1MGMzOWEzODVlM2E1NTp7Il9hdXRoX3VzZXJfaWQiOiIxIiwiX2F1dGhfdXNlcl9iYWNrZW5kIjoiZGphbmdvLmNvbnRyaWIuYXV0aC5iYWNrZW5kcy5Nb2RlbEJhY2tlbmQiLCJfYXV0aF91c2VyX2hhc2giOiJkNTRmYjBiYjI5MmQ0YWUwZmIxZTNlNjI4NWVlYjZhZjAyMGNiMDZlIn0=','2022-02-13 07:31:38.221977');
INSERT INTO "django_session" VALUES('hvhi9zeb8lzp57thz943evw4l5svsd3q','YzkyMDY4Nzg0YzY4NDlmNWI2ODQyNWZlN2Q1MGMzOWEzODVlM2E1NTp7Il9hdXRoX3VzZXJfaWQiOiIxIiwiX2F1dGhfdXNlcl9iYWNrZW5kIjoiZGphbmdvLmNvbnRyaWIuYXV0aC5iYWNrZW5kcy5Nb2RlbEJhY2tlbmQiLCJfYXV0aF91c2VyX2hhc2giOiJkNTRmYjBiYjI5MmQ0YWUwZmIxZTNlNjI4NWVlYjZhZjAyMGNiMDZlIn0=','2022-02-16 20:14:37.627742');
INSERT INTO "django_session" VALUES('follgf4dwta0who4y340dpaafc41yzvb','YzkyMDY4Nzg0YzY4NDlmNWI2ODQyNWZlN2Q1MGMzOWEzODVlM2E1NTp7Il9hdXRoX3VzZXJfaWQiOiIxIiwiX2F1dGhfdXNlcl9iYWNrZW5kIjoiZGphbmdvLmNvbnRyaWIuYXV0aC5iYWNrZW5kcy5Nb2RlbEJhY2tlbmQiLCJfYXV0aF91c2VyX2hhc2giOiJkNTRmYjBiYjI5MmQ0YWUwZmIxZTNlNjI4NWVlYjZhZjAyMGNiMDZlIn0=','2022-02-18 09:58:41.695133');
INSERT INTO "django_session" VALUES('g8nmep85hjblzskey6idud55045n729e','YzkyMDY4Nzg0YzY4NDlmNWI2ODQyNWZlN2Q1MGMzOWEzODVlM2E1NTp7Il9hdXRoX3VzZXJfaWQiOiIxIiwiX2F1dGhfdXNlcl9iYWNrZW5kIjoiZGphbmdvLmNvbnRyaWIuYXV0aC5iYWNrZW5kcy5Nb2RlbEJhY2tlbmQiLCJfYXV0aF91c2VyX2hhc2giOiJkNTRmYjBiYjI5MmQ0YWUwZmIxZTNlNjI4NWVlYjZhZjAyMGNiMDZlIn0=','2022-02-21 08:55:46.656575');
INSERT INTO "django_session" VALUES('62ee8j5rdxmldnsj8dzw4sjozt9c7hvd','YzkyMDY4Nzg0YzY4NDlmNWI2ODQyNWZlN2Q1MGMzOWEzODVlM2E1NTp7Il9hdXRoX3VzZXJfaWQiOiIxIiwiX2F1dGhfdXNlcl9iYWNrZW5kIjoiZGphbmdvLmNvbnRyaWIuYXV0aC5iYWNrZW5kcy5Nb2RlbEJhY2tlbmQiLCJfYXV0aF91c2VyX2hhc2giOiJkNTRmYjBiYjI5MmQ0YWUwZmIxZTNlNjI4NWVlYjZhZjAyMGNiMDZlIn0=','2022-02-24 09:56:51.613736');
INSERT INTO "django_session" VALUES('w4ak0q3egv508gj4eiqw5i0zpkdguj3o','YzkyMDY4Nzg0YzY4NDlmNWI2ODQyNWZlN2Q1MGMzOWEzODVlM2E1NTp7Il9hdXRoX3VzZXJfaWQiOiIxIiwiX2F1dGhfdXNlcl9iYWNrZW5kIjoiZGphbmdvLmNvbnRyaWIuYXV0aC5iYWNrZW5kcy5Nb2RlbEJhY2tlbmQiLCJfYXV0aF91c2VyX2hhc2giOiJkNTRmYjBiYjI5MmQ0YWUwZmIxZTNlNjI4NWVlYjZhZjAyMGNiMDZlIn0=','2022-03-08 08:23:16.041495');
INSERT INTO "django_session" VALUES('80dvhez0fmlmeimzoekazzrfp33cflca','YzkyMDY4Nzg0YzY4NDlmNWI2ODQyNWZlN2Q1MGMzOWEzODVlM2E1NTp7Il9hdXRoX3VzZXJfaWQiOiIxIiwiX2F1dGhfdXNlcl9iYWNrZW5kIjoiZGphbmdvLmNvbnRyaWIuYXV0aC5iYWNrZW5kcy5Nb2RlbEJhY2tlbmQiLCJfYXV0aF91c2VyX2hhc2giOiJkNTRmYjBiYjI5MmQ0YWUwZmIxZTNlNjI4NWVlYjZhZjAyMGNiMDZlIn0=','2022-03-08 09:55:34.097379');
INSERT INTO "django_session" VALUES('rnp2boangjd545goyyfh7icvb3faslan','YzkyMDY4Nzg0YzY4NDlmNWI2ODQyNWZlN2Q1MGMzOWEzODVlM2E1NTp7Il9hdXRoX3VzZXJfaWQiOiIxIiwiX2F1dGhfdXNlcl9iYWNrZW5kIjoiZGphbmdvLmNvbnRyaWIuYXV0aC5iYWNrZW5kcy5Nb2RlbEJhY2tlbmQiLCJfYXV0aF91c2VyX2hhc2giOiJkNTRmYjBiYjI5MmQ0YWUwZmIxZTNlNjI4NWVlYjZhZjAyMGNiMDZlIn0=','2022-03-08 12:14:28.730626');
INSERT INTO "django_session" VALUES('yzgxl6v03k6ezxl1pmy62ufyj6atx2zl','YzkyMDY4Nzg0YzY4NDlmNWI2ODQyNWZlN2Q1MGMzOWEzODVlM2E1NTp7Il9hdXRoX3VzZXJfaWQiOiIxIiwiX2F1dGhfdXNlcl9iYWNrZW5kIjoiZGphbmdvLmNvbnRyaWIuYXV0aC5iYWNrZW5kcy5Nb2RlbEJhY2tlbmQiLCJfYXV0aF91c2VyX2hhc2giOiJkNTRmYjBiYjI5MmQ0YWUwZmIxZTNlNjI4NWVlYjZhZjAyMGNiMDZlIn0=','2022-03-08 12:29:06.282983');
INSERT INTO "django_session" VALUES('6uvmmbtabrifa0tbrcb57mlr3pthrach','YzkyMDY4Nzg0YzY4NDlmNWI2ODQyNWZlN2Q1MGMzOWEzODVlM2E1NTp7Il9hdXRoX3VzZXJfaWQiOiIxIiwiX2F1dGhfdXNlcl9iYWNrZW5kIjoiZGphbmdvLmNvbnRyaWIuYXV0aC5iYWNrZW5kcy5Nb2RlbEJhY2tlbmQiLCJfYXV0aF91c2VyX2hhc2giOiJkNTRmYjBiYjI5MmQ0YWUwZmIxZTNlNjI4NWVlYjZhZjAyMGNiMDZlIn0=','2022-03-09 08:50:00.453116');
INSERT INTO "django_session" VALUES('f1rwkeyjrvo5z3xits2zyj02221hqbxr','YzkyMDY4Nzg0YzY4NDlmNWI2ODQyNWZlN2Q1MGMzOWEzODVlM2E1NTp7Il9hdXRoX3VzZXJfaWQiOiIxIiwiX2F1dGhfdXNlcl9iYWNrZW5kIjoiZGphbmdvLmNvbnRyaWIuYXV0aC5iYWNrZW5kcy5Nb2RlbEJhY2tlbmQiLCJfYXV0aF91c2VyX2hhc2giOiJkNTRmYjBiYjI5MmQ0YWUwZmIxZTNlNjI4NWVlYjZhZjAyMGNiMDZlIn0=','2022-03-09 08:50:58.781571');
INSERT INTO "django_session" VALUES('zuuz661lxmndi6vwfqalvvu56oshz360','YzkyMDY4Nzg0YzY4NDlmNWI2ODQyNWZlN2Q1MGMzOWEzODVlM2E1NTp7Il9hdXRoX3VzZXJfaWQiOiIxIiwiX2F1dGhfdXNlcl9iYWNrZW5kIjoiZGphbmdvLmNvbnRyaWIuYXV0aC5iYWNrZW5kcy5Nb2RlbEJhY2tlbmQiLCJfYXV0aF91c2VyX2hhc2giOiJkNTRmYjBiYjI5MmQ0YWUwZmIxZTNlNjI4NWVlYjZhZjAyMGNiMDZlIn0=','2022-03-10 00:31:10.981789');
INSERT INTO "django_session" VALUES('04wckyxiqjyitcvhyiqnpoiz53q207jy','YzkyMDY4Nzg0YzY4NDlmNWI2ODQyNWZlN2Q1MGMzOWEzODVlM2E1NTp7Il9hdXRoX3VzZXJfaWQiOiIxIiwiX2F1dGhfdXNlcl9iYWNrZW5kIjoiZGphbmdvLmNvbnRyaWIuYXV0aC5iYWNrZW5kcy5Nb2RlbEJhY2tlbmQiLCJfYXV0aF91c2VyX2hhc2giOiJkNTRmYjBiYjI5MmQ0YWUwZmIxZTNlNjI4NWVlYjZhZjAyMGNiMDZlIn0=','2022-03-11 22:26:37.359893');
INSERT INTO "django_session" VALUES('ineom6st1420bnit5mfiosa3f8xgk6m1','YzkyMDY4Nzg0YzY4NDlmNWI2ODQyNWZlN2Q1MGMzOWEzODVlM2E1NTp7Il9hdXRoX3VzZXJfaWQiOiIxIiwiX2F1dGhfdXNlcl9iYWNrZW5kIjoiZGphbmdvLmNvbnRyaWIuYXV0aC5iYWNrZW5kcy5Nb2RlbEJhY2tlbmQiLCJfYXV0aF91c2VyX2hhc2giOiJkNTRmYjBiYjI5MmQ0YWUwZmIxZTNlNjI4NWVlYjZhZjAyMGNiMDZlIn0=','2022-03-11 22:53:35.438571');
INSERT INTO "django_session" VALUES('14zfn2wgk89oolx9gg9qtb5znhqfamz6','YzkyMDY4Nzg0YzY4NDlmNWI2ODQyNWZlN2Q1MGMzOWEzODVlM2E1NTp7Il9hdXRoX3VzZXJfaWQiOiIxIiwiX2F1dGhfdXNlcl9iYWNrZW5kIjoiZGphbmdvLmNvbnRyaWIuYXV0aC5iYWNrZW5kcy5Nb2RlbEJhY2tlbmQiLCJfYXV0aF91c2VyX2hhc2giOiJkNTRmYjBiYjI5MmQ0YWUwZmIxZTNlNjI4NWVlYjZhZjAyMGNiMDZlIn0=','2022-03-12 11:22:57.005978');
INSERT INTO "django_session" VALUES('secem5nsmdsdyr25xbk5md7ydoyf5h8l','YzkyMDY4Nzg0YzY4NDlmNWI2ODQyNWZlN2Q1MGMzOWEzODVlM2E1NTp7Il9hdXRoX3VzZXJfaWQiOiIxIiwiX2F1dGhfdXNlcl9iYWNrZW5kIjoiZGphbmdvLmNvbnRyaWIuYXV0aC5iYWNrZW5kcy5Nb2RlbEJhY2tlbmQiLCJfYXV0aF91c2VyX2hhc2giOiJkNTRmYjBiYjI5MmQ0YWUwZmIxZTNlNjI4NWVlYjZhZjAyMGNiMDZlIn0=','2022-03-13 09:20:02.149870');
INSERT INTO "django_session" VALUES('50vif1zrcanhdsf11x07dd6c5dufkcm2','YzkyMDY4Nzg0YzY4NDlmNWI2ODQyNWZlN2Q1MGMzOWEzODVlM2E1NTp7Il9hdXRoX3VzZXJfaWQiOiIxIiwiX2F1dGhfdXNlcl9iYWNrZW5kIjoiZGphbmdvLmNvbnRyaWIuYXV0aC5iYWNrZW5kcy5Nb2RlbEJhY2tlbmQiLCJfYXV0aF91c2VyX2hhc2giOiJkNTRmYjBiYjI5MmQ0YWUwZmIxZTNlNjI4NWVlYjZhZjAyMGNiMDZlIn0=','2022-03-14 10:27:27.542239');
INSERT INTO "django_session" VALUES('9bf1162ucb1mtkih1twfynt2totfe617','YzkyMDY4Nzg0YzY4NDlmNWI2ODQyNWZlN2Q1MGMzOWEzODVlM2E1NTp7Il9hdXRoX3VzZXJfaWQiOiIxIiwiX2F1dGhfdXNlcl9iYWNrZW5kIjoiZGphbmdvLmNvbnRyaWIuYXV0aC5iYWNrZW5kcy5Nb2RlbEJhY2tlbmQiLCJfYXV0aF91c2VyX2hhc2giOiJkNTRmYjBiYjI5MmQ0YWUwZmIxZTNlNjI4NWVlYjZhZjAyMGNiMDZlIn0=','2022-03-20 15:18:22.483232');
CREATE UNIQUE INDEX "django_content_type_app_label_model_76bd3d3b_uniq" ON "django_content_type" ("app_label", "model");
CREATE UNIQUE INDEX "auth_group_permissions_group_id_permission_id_0cd325b0_uniq" ON "auth_group_permissions" ("group_id", "permission_id");
CREATE INDEX IF NOT EXISTS "auth_group_permissions_group_id_b120cbf9" ON "auth_group_permissions" ("group_id");
CREATE INDEX IF NOT EXISTS "auth_group_permissions_permission_id_84c5c92e" ON "auth_group_permissions" ("permission_id");
CREATE UNIQUE INDEX "auth_permission_content_type_id_codename_01ab375a_uniq" ON "auth_permission" ("content_type_id", "codename");
CREATE INDEX IF NOT EXISTS "auth_permission_content_type_id_2f476e4b" ON "auth_permission" ("content_type_id");
CREATE UNIQUE INDEX "users_user_groups_user_id_group_id_b88eab82_uniq" ON "users_user_groups" ("user_id", "group_id");
CREATE INDEX IF NOT EXISTS "users_user_groups_user_id_5f6f5a90" ON "users_user_groups" ("user_id");
CREATE INDEX IF NOT EXISTS "users_user_groups_group_id_9afc8d0e" ON "users_user_groups" ("group_id");
CREATE UNIQUE INDEX "users_user_user_permissions_user_id_permission_id_43338c45_uniq" ON "users_user_user_permissions" ("user_id", "permission_id");
CREATE INDEX IF NOT EXISTS "users_user_user_permissions_user_id_20aca447" ON "users_user_user_permissions" ("user_id");
CREATE INDEX IF NOT EXISTS "users_user_user_permissions_permission_id_0b93982e" ON "users_user_user_permissions" ("permission_id");
CREATE INDEX IF NOT EXISTS "django_admin_log_content_type_id_c4bce8eb" ON "django_admin_log" ("content_type_id");
CREATE INDEX IF NOT EXISTS "django_admin_log_user_id_c564eba6" ON "django_admin_log" ("user_id");
CREATE INDEX IF NOT EXISTS "django_session_expire_date_a5c62663" ON "django_session" ("expire_date");
CREATE INDEX IF NOT EXISTS "store_goods_company_company_name_id_5f7b55a4" ON "store_goods_company" ("company_name_id");
CREATE INDEX IF NOT EXISTS "store_goods_company_company_goods_id_900ef196" ON "store_goods_company" ("company_goods_id");
CREATE INDEX IF NOT EXISTS "store_company_goods_company_id_adb0f41e" ON "store_company_goods" ("company_id");
CREATE INDEX IF NOT EXISTS "store_agent_company_id_5450b6d8" ON "store_agent" ("company_id");
CREATE INDEX IF NOT EXISTS "transactions_inward_agent_id_c02fc335" ON "transactions_inward" ("agent_id");
CREATE INDEX IF NOT EXISTS "transactions_inward_company_id_32443280" ON "transactions_inward" ("company_id");
CREATE INDEX IF NOT EXISTS "transactions_inward_company_goods_id_a76c74fd" ON "transactions_inward" ("company_goods_id");
CREATE INDEX IF NOT EXISTS "transactions_inward_goods_company_id_bba0f75a" ON "transactions_inward" ("goods_company_id");
CREATE INDEX IF NOT EXISTS "transactions_outward_agent_id_7d293aab" ON "transactions_outward" ("agent_id");
CREATE INDEX IF NOT EXISTS "transactions_outward_company_id_dc1a3f9c" ON "transactions_outward" ("company_id");
CREATE INDEX IF NOT EXISTS "transactions_outward_company_goods_id_e59e35c6" ON "transactions_outward" ("company_goods_id");
CREATE INDEX IF NOT EXISTS "transactions_outward_goods_company_id_e3ca0de6" ON "transactions_outward" ("goods_company_id");
CREATE INDEX IF NOT EXISTS "transactions_stock_company_id_6b396d1b" ON "transactions_stock" ("company_id");
CREATE INDEX IF NOT EXISTS "transactions_stock_company_goods_id_2fa5054b" ON "transactions_stock" ("company_goods_id");
CREATE INDEX IF NOT EXISTS "transactions_stock_goods_company_id_36fc55be" ON "transactions_stock" ("goods_company_id");
CREATE INDEX IF NOT EXISTS "transactions_supply_return_agent_id_28b5370e" ON "transactions_supply_return" ("agent_id");
CREATE INDEX IF NOT EXISTS "transactions_supply_return_company_id_03a328a1" ON "transactions_supply_return" ("company_id");
CREATE INDEX IF NOT EXISTS "transactions_supply_return_company_goods_id_5e9333a7" ON "transactions_supply_return" ("company_goods_id");
CREATE INDEX IF NOT EXISTS "transactions_supply_return_goods_company_id_fdab9079" ON "transactions_supply_return" ("goods_company_id");
CREATE TABLE IF NOT EXISTS "store_agent" ("id" integer NOT NULL PRIMARY KEY AUTOINCREMENT, "name" varchar(120) NOT NULL UNIQUE, "taluka" varchar(120) NOT NULL, "district" varchar(120) NOT NULL, "place" varchar(120) NOT NULL, "address" varchar(120) NOT NULL, "company_id" integer NOT NULL REFERENCES "store_company" ("id") DEFERRABLE INITIALLY DEFERRED, "mobile_number" integer NOT NULL);
INSERT INTO "store_agent" VALUES(6,'2','2','2','2','2',5,2);
CREATE UNIQUE INDEX "django_content_type_app_label_model_76bd3d3b_uniq" ON "django_content_type" ("app_label", "model");
CREATE UNIQUE INDEX "auth_group_permissions_group_id_permission_id_0cd325b0_uniq" ON "auth_group_permissions" ("group_id", "permission_id");
CREATE INDEX IF NOT EXISTS "auth_group_permissions_group_id_b120cbf9" ON "auth_group_permissions" ("group_id");
CREATE INDEX IF NOT EXISTS "auth_group_permissions_permission_id_84c5c92e" ON "auth_group_permissions" ("permission_id");
CREATE UNIQUE INDEX "auth_permission_content_type_id_codename_01ab375a_uniq" ON "auth_permission" ("content_type_id", "codename");
CREATE INDEX IF NOT EXISTS "auth_permission_content_type_id_2f476e4b" ON "auth_permission" ("content_type_id");
CREATE UNIQUE INDEX "users_user_groups_user_id_group_id_b88eab82_uniq" ON "users_user_groups" ("user_id", "group_id");
CREATE INDEX IF NOT EXISTS "users_user_groups_user_id_5f6f5a90" ON "users_user_groups" ("user_id");
CREATE INDEX IF NOT EXISTS "users_user_groups_group_id_9afc8d0e" ON "users_user_groups" ("group_id");
CREATE UNIQUE INDEX "users_user_user_permissions_user_id_permission_id_43338c45_uniq" ON "users_user_user_permissions" ("user_id", "permission_id");
CREATE INDEX IF NOT EXISTS "users_user_user_permissions_user_id_20aca447" ON "users_user_user_permissions" ("user_id");
CREATE INDEX IF NOT EXISTS "users_user_user_permissions_permission_id_0b93982e" ON "users_user_user_permissions" ("permission_id");
CREATE INDEX IF NOT EXISTS "django_admin_log_content_type_id_c4bce8eb" ON "django_admin_log" ("content_type_id");
CREATE INDEX IF NOT EXISTS "django_admin_log_user_id_c564eba6" ON "django_admin_log" ("user_id");
CREATE INDEX IF NOT EXISTS "django_session_expire_date_a5c62663" ON "django_session" ("expire_date");
CREATE INDEX IF NOT EXISTS "store_goods_company_company_name_id_5f7b55a4" ON "store_goods_company" ("company_name_id");
CREATE INDEX IF NOT EXISTS "store_goods_company_company_goods_id_900ef196" ON "store_goods_company" ("company_goods_id");
CREATE INDEX IF NOT EXISTS "store_company_goods_company_id_adb0f41e" ON "store_company_goods" ("company_id");
CREATE INDEX IF NOT EXISTS "store_agent_company_id_5450b6d8" ON "store_agent" ("company_id");
CREATE INDEX IF NOT EXISTS "transactions_inward_agent_id_c02fc335" ON "transactions_inward" ("agent_id");
CREATE INDEX IF NOT EXISTS "transactions_inward_company_id_32443280" ON "transactions_inward" ("company_id");
CREATE INDEX IF NOT EXISTS "transactions_inward_company_goods_id_a76c74fd" ON "transactions_inward" ("company_goods_id");
CREATE INDEX IF NOT EXISTS "transactions_inward_goods_company_id_bba0f75a" ON "transactions_inward" ("goods_company_id");
CREATE INDEX IF NOT EXISTS "transactions_outward_agent_id_7d293aab" ON "transactions_outward" ("agent_id");
CREATE INDEX IF NOT EXISTS "transactions_outward_company_id_dc1a3f9c" ON "transactions_outward" ("company_id");
CREATE INDEX IF NOT EXISTS "transactions_outward_company_goods_id_e59e35c6" ON "transactions_outward" ("company_goods_id");
CREATE INDEX IF NOT EXISTS "transactions_outward_goods_company_id_e3ca0de6" ON "transactions_outward" ("goods_company_id");
CREATE INDEX IF NOT EXISTS "transactions_stock_company_id_6b396d1b" ON "transactions_stock" ("company_id");
CREATE INDEX IF NOT EXISTS "transactions_stock_company_goods_id_2fa5054b" ON "transactions_stock" ("company_goods_id");
CREATE INDEX IF NOT EXISTS "transactions_stock_goods_company_id_36fc55be" ON "transactions_stock" ("goods_company_id");
CREATE INDEX IF NOT EXISTS "transactions_supply_return_agent_id_28b5370e" ON "transactions_supply_return" ("agent_id");
CREATE INDEX IF NOT EXISTS "transactions_supply_return_company_id_03a328a1" ON "transactions_supply_return" ("company_id");
CREATE INDEX IF NOT EXISTS "transactions_supply_return_company_goods_id_5e9333a7" ON "transactions_supply_return" ("company_goods_id");
CREATE INDEX IF NOT EXISTS "transactions_supply_return_goods_company_id_fdab9079" ON "transactions_supply_return" ("goods_company_id");
CREATE TABLE IF NOT EXISTS "store_company" ("id" integer NOT NULL PRIMARY KEY AUTOINCREMENT, "company_name" varchar(120) NOT NULL UNIQUE);
INSERT INTO "store_company" VALUES(5,'2');
CREATE UNIQUE INDEX "django_content_type_app_label_model_76bd3d3b_uniq" ON "django_content_type" ("app_label", "model");
CREATE UNIQUE INDEX "auth_group_permissions_group_id_permission_id_0cd325b0_uniq" ON "auth_group_permissions" ("group_id", "permission_id");
CREATE INDEX IF NOT EXISTS "auth_group_permissions_group_id_b120cbf9" ON "auth_group_permissions" ("group_id");
CREATE INDEX IF NOT EXISTS "auth_group_permissions_permission_id_84c5c92e" ON "auth_group_permissions" ("permission_id");
CREATE UNIQUE INDEX "auth_permission_content_type_id_codename_01ab375a_uniq" ON "auth_permission" ("content_type_id", "codename");
CREATE INDEX IF NOT EXISTS "auth_permission_content_type_id_2f476e4b" ON "auth_permission" ("content_type_id");
CREATE UNIQUE INDEX "users_user_groups_user_id_group_id_b88eab82_uniq" ON "users_user_groups" ("user_id", "group_id");
CREATE INDEX IF NOT EXISTS "users_user_groups_user_id_5f6f5a90" ON "users_user_groups" ("user_id");
CREATE INDEX IF NOT EXISTS "users_user_groups_group_id_9afc8d0e" ON "users_user_groups" ("group_id");
CREATE UNIQUE INDEX "users_user_user_permissions_user_id_permission_id_43338c45_uniq" ON "users_user_user_permissions" ("user_id", "permission_id");
CREATE INDEX IF NOT EXISTS "users_user_user_permissions_user_id_20aca447" ON "users_user_user_permissions" ("user_id");
CREATE INDEX IF NOT EXISTS "users_user_user_permissions_permission_id_0b93982e" ON "users_user_user_permissions" ("permission_id");
CREATE INDEX IF NOT EXISTS "django_admin_log_content_type_id_c4bce8eb" ON "django_admin_log" ("content_type_id");
CREATE INDEX IF NOT EXISTS "django_admin_log_user_id_c564eba6" ON "django_admin_log" ("user_id");
CREATE INDEX IF NOT EXISTS "django_session_expire_date_a5c62663" ON "django_session" ("expire_date");
CREATE INDEX IF NOT EXISTS "store_goods_company_company_name_id_5f7b55a4" ON "store_goods_company" ("company_name_id");
CREATE INDEX IF NOT EXISTS "store_goods_company_company_goods_id_900ef196" ON "store_goods_company" ("company_goods_id");
CREATE INDEX IF NOT EXISTS "store_company_goods_company_id_adb0f41e" ON "store_company_goods" ("company_id");
CREATE INDEX IF NOT EXISTS "store_agent_company_id_5450b6d8" ON "store_agent" ("company_id");
CREATE INDEX IF NOT EXISTS "transactions_inward_agent_id_c02fc335" ON "transactions_inward" ("agent_id");
CREATE INDEX IF NOT EXISTS "transactions_inward_company_id_32443280" ON "transactions_inward" ("company_id");
CREATE INDEX IF NOT EXISTS "transactions_inward_company_goods_id_a76c74fd" ON "transactions_inward" ("company_goods_id");
CREATE INDEX IF NOT EXISTS "transactions_inward_goods_company_id_bba0f75a" ON "transactions_inward" ("goods_company_id");
CREATE INDEX IF NOT EXISTS "transactions_outward_agent_id_7d293aab" ON "transactions_outward" ("agent_id");
CREATE INDEX IF NOT EXISTS "transactions_outward_company_id_dc1a3f9c" ON "transactions_outward" ("company_id");
CREATE INDEX IF NOT EXISTS "transactions_outward_company_goods_id_e59e35c6" ON "transactions_outward" ("company_goods_id");
CREATE INDEX IF NOT EXISTS "transactions_outward_goods_company_id_e3ca0de6" ON "transactions_outward" ("goods_company_id");
CREATE INDEX IF NOT EXISTS "transactions_stock_company_id_6b396d1b" ON "transactions_stock" ("company_id");
CREATE INDEX IF NOT EXISTS "transactions_stock_company_goods_id_2fa5054b" ON "transactions_stock" ("company_goods_id");
CREATE INDEX IF NOT EXISTS "transactions_stock_goods_company_id_36fc55be" ON "transactions_stock" ("goods_company_id");
CREATE INDEX IF NOT EXISTS "transactions_supply_return_agent_id_28b5370e" ON "transactions_supply_return" ("agent_id");
CREATE INDEX IF NOT EXISTS "transactions_supply_return_company_id_03a328a1" ON "transactions_supply_return" ("company_id");
CREATE INDEX IF NOT EXISTS "transactions_supply_return_company_goods_id_5e9333a7" ON "transactions_supply_return" ("company_goods_id");
CREATE INDEX IF NOT EXISTS "transactions_supply_return_goods_company_id_fdab9079" ON "transactions_supply_return" ("goods_company_id");
CREATE TABLE IF NOT EXISTS "store_company_goods" ("id" integer NOT NULL PRIMARY KEY AUTOINCREMENT, "name" varchar(120) NOT NULL, "company_id" integer NOT NULL REFERENCES "store_company" ("id") DEFERRABLE INITIALLY DEFERRED);
INSERT INTO "store_company_goods" VALUES(10,'2',5);
CREATE UNIQUE INDEX "django_content_type_app_label_model_76bd3d3b_uniq" ON "django_content_type" ("app_label", "model");
CREATE UNIQUE INDEX "auth_group_permissions_group_id_permission_id_0cd325b0_uniq" ON "auth_group_permissions" ("group_id", "permission_id");
CREATE INDEX IF NOT EXISTS "auth_group_permissions_group_id_b120cbf9" ON "auth_group_permissions" ("group_id");
CREATE INDEX IF NOT EXISTS "auth_group_permissions_permission_id_84c5c92e" ON "auth_group_permissions" ("permission_id");
CREATE UNIQUE INDEX "auth_permission_content_type_id_codename_01ab375a_uniq" ON "auth_permission" ("content_type_id", "codename");
CREATE INDEX IF NOT EXISTS "auth_permission_content_type_id_2f476e4b" ON "auth_permission" ("content_type_id");
CREATE UNIQUE INDEX "users_user_groups_user_id_group_id_b88eab82_uniq" ON "users_user_groups" ("user_id", "group_id");
CREATE INDEX IF NOT EXISTS "users_user_groups_user_id_5f6f5a90" ON "users_user_groups" ("user_id");
CREATE INDEX IF NOT EXISTS "users_user_groups_group_id_9afc8d0e" ON "users_user_groups" ("group_id");
CREATE UNIQUE INDEX "users_user_user_permissions_user_id_permission_id_43338c45_uniq" ON "users_user_user_permissions" ("user_id", "permission_id");
CREATE INDEX IF NOT EXISTS "users_user_user_permissions_user_id_20aca447" ON "users_user_user_permissions" ("user_id");
CREATE INDEX IF NOT EXISTS "users_user_user_permissions_permission_id_0b93982e" ON "users_user_user_permissions" ("permission_id");
CREATE INDEX IF NOT EXISTS "django_admin_log_content_type_id_c4bce8eb" ON "django_admin_log" ("content_type_id");
CREATE INDEX IF NOT EXISTS "django_admin_log_user_id_c564eba6" ON "django_admin_log" ("user_id");
CREATE INDEX IF NOT EXISTS "django_session_expire_date_a5c62663" ON "django_session" ("expire_date");
CREATE INDEX IF NOT EXISTS "store_goods_company_company_name_id_5f7b55a4" ON "store_goods_company" ("company_name_id");
CREATE INDEX IF NOT EXISTS "store_goods_company_company_goods_id_900ef196" ON "store_goods_company" ("company_goods_id");
CREATE INDEX IF NOT EXISTS "store_company_goods_company_id_adb0f41e" ON "store_company_goods" ("company_id");
CREATE INDEX IF NOT EXISTS "store_agent_company_id_5450b6d8" ON "store_agent" ("company_id");
CREATE INDEX IF NOT EXISTS "transactions_inward_agent_id_c02fc335" ON "transactions_inward" ("agent_id");
CREATE INDEX IF NOT EXISTS "transactions_inward_company_id_32443280" ON "transactions_inward" ("company_id");
CREATE INDEX IF NOT EXISTS "transactions_inward_company_goods_id_a76c74fd" ON "transactions_inward" ("company_goods_id");
CREATE INDEX IF NOT EXISTS "transactions_inward_goods_company_id_bba0f75a" ON "transactions_inward" ("goods_company_id");
CREATE INDEX IF NOT EXISTS "transactions_outward_agent_id_7d293aab" ON "transactions_outward" ("agent_id");
CREATE INDEX IF NOT EXISTS "transactions_outward_company_id_dc1a3f9c" ON "transactions_outward" ("company_id");
CREATE INDEX IF NOT EXISTS "transactions_outward_company_goods_id_e59e35c6" ON "transactions_outward" ("company_goods_id");
CREATE INDEX IF NOT EXISTS "transactions_outward_goods_company_id_e3ca0de6" ON "transactions_outward" ("goods_company_id");
CREATE INDEX IF NOT EXISTS "transactions_stock_company_id_6b396d1b" ON "transactions_stock" ("company_id");
CREATE INDEX IF NOT EXISTS "transactions_stock_company_goods_id_2fa5054b" ON "transactions_stock" ("company_goods_id");
CREATE INDEX IF NOT EXISTS "transactions_stock_goods_company_id_36fc55be" ON "transactions_stock" ("goods_company_id");
CREATE INDEX IF NOT EXISTS "transactions_supply_return_agent_id_28b5370e" ON "transactions_supply_return" ("agent_id");
CREATE INDEX IF NOT EXISTS "transactions_supply_return_company_id_03a328a1" ON "transactions_supply_return" ("company_id");
CREATE INDEX IF NOT EXISTS "transactions_supply_return_company_goods_id_5e9333a7" ON "transactions_supply_return" ("company_goods_id");
CREATE INDEX IF NOT EXISTS "transactions_supply_return_goods_company_id_fdab9079" ON "transactions_supply_return" ("goods_company_id");
CREATE TABLE IF NOT EXISTS "store_goods_company" ("id" integer NOT NULL PRIMARY KEY AUTOINCREMENT, "company_name_id" integer NOT NULL REFERENCES "store_company" ("id") DEFERRABLE INITIALLY DEFERRED, "company_goods_id" integer NOT NULL REFERENCES "store_company_goods" ("id") DEFERRABLE INITIALLY DEFERRED, "goods_company_name" varchar(120) NOT NULL);
INSERT INTO "store_goods_company" VALUES(14,5,10,'2');
CREATE UNIQUE INDEX "django_content_type_app_label_model_76bd3d3b_uniq" ON "django_content_type" ("app_label", "model");
CREATE UNIQUE INDEX "auth_group_permissions_group_id_permission_id_0cd325b0_uniq" ON "auth_group_permissions" ("group_id", "permission_id");
CREATE INDEX IF NOT EXISTS "auth_group_permissions_group_id_b120cbf9" ON "auth_group_permissions" ("group_id");
CREATE INDEX IF NOT EXISTS "auth_group_permissions_permission_id_84c5c92e" ON "auth_group_permissions" ("permission_id");
CREATE UNIQUE INDEX "auth_permission_content_type_id_codename_01ab375a_uniq" ON "auth_permission" ("content_type_id", "codename");
CREATE INDEX IF NOT EXISTS "auth_permission_content_type_id_2f476e4b" ON "auth_permission" ("content_type_id");
CREATE UNIQUE INDEX "users_user_groups_user_id_group_id_b88eab82_uniq" ON "users_user_groups" ("user_id", "group_id");
CREATE INDEX IF NOT EXISTS "users_user_groups_user_id_5f6f5a90" ON "users_user_groups" ("user_id");
CREATE INDEX IF NOT EXISTS "users_user_groups_group_id_9afc8d0e" ON "users_user_groups" ("group_id");
CREATE UNIQUE INDEX "users_user_user_permissions_user_id_permission_id_43338c45_uniq" ON "users_user_user_permissions" ("user_id", "permission_id");
CREATE INDEX IF NOT EXISTS "users_user_user_permissions_user_id_20aca447" ON "users_user_user_permissions" ("user_id");
CREATE INDEX IF NOT EXISTS "users_user_user_permissions_permission_id_0b93982e" ON "users_user_user_permissions" ("permission_id");
CREATE INDEX IF NOT EXISTS "django_admin_log_content_type_id_c4bce8eb" ON "django_admin_log" ("content_type_id");
CREATE INDEX IF NOT EXISTS "django_admin_log_user_id_c564eba6" ON "django_admin_log" ("user_id");
CREATE INDEX IF NOT EXISTS "django_session_expire_date_a5c62663" ON "django_session" ("expire_date");
CREATE INDEX IF NOT EXISTS "store_goods_company_company_name_id_5f7b55a4" ON "store_goods_company" ("company_name_id");
CREATE INDEX IF NOT EXISTS "store_goods_company_company_goods_id_900ef196" ON "store_goods_company" ("company_goods_id");
CREATE INDEX IF NOT EXISTS "store_company_goods_company_id_adb0f41e" ON "store_company_goods" ("company_id");
CREATE INDEX IF NOT EXISTS "store_agent_company_id_5450b6d8" ON "store_agent" ("company_id");
CREATE INDEX IF NOT EXISTS "transactions_inward_agent_id_c02fc335" ON "transactions_inward" ("agent_id");
CREATE INDEX IF NOT EXISTS "transactions_inward_company_id_32443280" ON "transactions_inward" ("company_id");
CREATE INDEX IF NOT EXISTS "transactions_inward_company_goods_id_a76c74fd" ON "transactions_inward" ("company_goods_id");
CREATE INDEX IF NOT EXISTS "transactions_inward_goods_company_id_bba0f75a" ON "transactions_inward" ("goods_company_id");
CREATE INDEX IF NOT EXISTS "transactions_outward_agent_id_7d293aab" ON "transactions_outward" ("agent_id");
CREATE INDEX IF NOT EXISTS "transactions_outward_company_id_dc1a3f9c" ON "transactions_outward" ("company_id");
CREATE INDEX IF NOT EXISTS "transactions_outward_company_goods_id_e59e35c6" ON "transactions_outward" ("company_goods_id");
CREATE INDEX IF NOT EXISTS "transactions_outward_goods_company_id_e3ca0de6" ON "transactions_outward" ("goods_company_id");
CREATE INDEX IF NOT EXISTS "transactions_stock_company_id_6b396d1b" ON "transactions_stock" ("company_id");
CREATE INDEX IF NOT EXISTS "transactions_stock_company_goods_id_2fa5054b" ON "transactions_stock" ("company_goods_id");
CREATE INDEX IF NOT EXISTS "transactions_stock_goods_company_id_36fc55be" ON "transactions_stock" ("goods_company_id");
CREATE INDEX IF NOT EXISTS "transactions_supply_return_agent_id_28b5370e" ON "transactions_supply_return" ("agent_id");
CREATE INDEX IF NOT EXISTS "transactions_supply_return_company_id_03a328a1" ON "transactions_supply_return" ("company_id");
CREATE INDEX IF NOT EXISTS "transactions_supply_return_company_goods_id_5e9333a7" ON "transactions_supply_return" ("company_goods_id");
CREATE INDEX IF NOT EXISTS "transactions_supply_return_goods_company_id_fdab9079" ON "transactions_supply_return" ("goods_company_id");
CREATE TABLE IF NOT EXISTS "transactions_inward" ("id" integer NOT NULL PRIMARY KEY AUTOINCREMENT, "DC_number" bigint NOT NULL, "DC_date" datetime NOT NULL, "agent_id" integer NOT NULL REFERENCES "store_agent" ("id") DEFERRABLE INITIALLY DEFERRED, "company_id" integer NOT NULL REFERENCES "store_company" ("id") DEFERRABLE INITIALLY DEFERRED, "company_goods_id" integer NOT NULL REFERENCES "store_company_goods" ("id") DEFERRABLE INITIALLY DEFERRED, "goods_company_id" integer NOT NULL REFERENCES "store_goods_company" ("id") DEFERRABLE INITIALLY DEFERRED, "bags" bigint NOT NULL);
INSERT INTO "transactions_inward" VALUES(20,2,'2022-03-07 09:33:00',6,5,10,14,2);
INSERT INTO "transactions_inward" VALUES(21,22,'2022-03-07 09:35:00',6,5,10,14,2);
INSERT INTO "transactions_inward" VALUES(22,2,'2022-03-07 10:47:00',6,5,10,14,2);
INSERT INTO "transactions_inward" VALUES(23,222222,'2022-03-07 10:51:00',6,5,10,14,22222);
INSERT INTO "transactions_inward" VALUES(24,221,'2022-03-07 10:52:00',6,5,10,14,221);
CREATE UNIQUE INDEX "django_content_type_app_label_model_76bd3d3b_uniq" ON "django_content_type" ("app_label", "model");
CREATE UNIQUE INDEX "auth_group_permissions_group_id_permission_id_0cd325b0_uniq" ON "auth_group_permissions" ("group_id", "permission_id");
CREATE INDEX IF NOT EXISTS "auth_group_permissions_group_id_b120cbf9" ON "auth_group_permissions" ("group_id");
CREATE INDEX IF NOT EXISTS "auth_group_permissions_permission_id_84c5c92e" ON "auth_group_permissions" ("permission_id");
CREATE UNIQUE INDEX "auth_permission_content_type_id_codename_01ab375a_uniq" ON "auth_permission" ("content_type_id", "codename");
CREATE INDEX IF NOT EXISTS "auth_permission_content_type_id_2f476e4b" ON "auth_permission" ("content_type_id");
CREATE UNIQUE INDEX "users_user_groups_user_id_group_id_b88eab82_uniq" ON "users_user_groups" ("user_id", "group_id");
CREATE INDEX IF NOT EXISTS "users_user_groups_user_id_5f6f5a90" ON "users_user_groups" ("user_id");
CREATE INDEX IF NOT EXISTS "users_user_groups_group_id_9afc8d0e" ON "users_user_groups" ("group_id");
CREATE UNIQUE INDEX "users_user_user_permissions_user_id_permission_id_43338c45_uniq" ON "users_user_user_permissions" ("user_id", "permission_id");
CREATE INDEX IF NOT EXISTS "users_user_user_permissions_user_id_20aca447" ON "users_user_user_permissions" ("user_id");
CREATE INDEX IF NOT EXISTS "users_user_user_permissions_permission_id_0b93982e" ON "users_user_user_permissions" ("permission_id");
CREATE INDEX IF NOT EXISTS "django_admin_log_content_type_id_c4bce8eb" ON "django_admin_log" ("content_type_id");
CREATE INDEX IF NOT EXISTS "django_admin_log_user_id_c564eba6" ON "django_admin_log" ("user_id");
CREATE INDEX IF NOT EXISTS "django_session_expire_date_a5c62663" ON "django_session" ("expire_date");
CREATE INDEX IF NOT EXISTS "store_goods_company_company_name_id_5f7b55a4" ON "store_goods_company" ("company_name_id");
CREATE INDEX IF NOT EXISTS "store_goods_company_company_goods_id_900ef196" ON "store_goods_company" ("company_goods_id");
CREATE INDEX IF NOT EXISTS "store_company_goods_company_id_adb0f41e" ON "store_company_goods" ("company_id");
CREATE INDEX IF NOT EXISTS "store_agent_company_id_5450b6d8" ON "store_agent" ("company_id");
CREATE INDEX IF NOT EXISTS "transactions_inward_agent_id_c02fc335" ON "transactions_inward" ("agent_id");
CREATE INDEX IF NOT EXISTS "transactions_inward_company_id_32443280" ON "transactions_inward" ("company_id");
CREATE INDEX IF NOT EXISTS "transactions_inward_company_goods_id_a76c74fd" ON "transactions_inward" ("company_goods_id");
CREATE INDEX IF NOT EXISTS "transactions_inward_goods_company_id_bba0f75a" ON "transactions_inward" ("goods_company_id");
CREATE INDEX IF NOT EXISTS "transactions_outward_agent_id_7d293aab" ON "transactions_outward" ("agent_id");
CREATE INDEX IF NOT EXISTS "transactions_outward_company_id_dc1a3f9c" ON "transactions_outward" ("company_id");
CREATE INDEX IF NOT EXISTS "transactions_outward_company_goods_id_e59e35c6" ON "transactions_outward" ("company_goods_id");
CREATE INDEX IF NOT EXISTS "transactions_outward_goods_company_id_e3ca0de6" ON "transactions_outward" ("goods_company_id");
CREATE INDEX IF NOT EXISTS "transactions_stock_company_id_6b396d1b" ON "transactions_stock" ("company_id");
CREATE INDEX IF NOT EXISTS "transactions_stock_company_goods_id_2fa5054b" ON "transactions_stock" ("company_goods_id");
CREATE INDEX IF NOT EXISTS "transactions_stock_goods_company_id_36fc55be" ON "transactions_stock" ("goods_company_id");
CREATE INDEX IF NOT EXISTS "transactions_supply_return_agent_id_28b5370e" ON "transactions_supply_return" ("agent_id");
CREATE INDEX IF NOT EXISTS "transactions_supply_return_company_id_03a328a1" ON "transactions_supply_return" ("company_id");
CREATE INDEX IF NOT EXISTS "transactions_supply_return_company_goods_id_5e9333a7" ON "transactions_supply_return" ("company_goods_id");
CREATE INDEX IF NOT EXISTS "transactions_supply_return_goods_company_id_fdab9079" ON "transactions_supply_return" ("goods_company_id");
CREATE TABLE IF NOT EXISTS "transactions_outward" ("id" integer NOT NULL PRIMARY KEY AUTOINCREMENT, "DC_number" bigint NOT NULL, "DC_date" datetime NOT NULL, "agent_id" integer NOT NULL REFERENCES "store_agent" ("id") DEFERRABLE INITIALLY DEFERRED, "company_id" integer NOT NULL REFERENCES "store_company" ("id") DEFERRABLE INITIALLY DEFERRED, "company_goods_id" integer NOT NULL REFERENCES "store_company_goods" ("id") DEFERRABLE INITIALLY DEFERRED, "goods_company_id" integer NOT NULL REFERENCES "store_goods_company" ("id") DEFERRABLE INITIALLY DEFERRED, "bags" bigint NOT NULL);
CREATE UNIQUE INDEX "django_content_type_app_label_model_76bd3d3b_uniq" ON "django_content_type" ("app_label", "model");
CREATE UNIQUE INDEX "auth_group_permissions_group_id_permission_id_0cd325b0_uniq" ON "auth_group_permissions" ("group_id", "permission_id");
CREATE INDEX IF NOT EXISTS "auth_group_permissions_group_id_b120cbf9" ON "auth_group_permissions" ("group_id");
CREATE INDEX IF NOT EXISTS "auth_group_permissions_permission_id_84c5c92e" ON "auth_group_permissions" ("permission_id");
CREATE UNIQUE INDEX "auth_permission_content_type_id_codename_01ab375a_uniq" ON "auth_permission" ("content_type_id", "codename");
CREATE INDEX IF NOT EXISTS "auth_permission_content_type_id_2f476e4b" ON "auth_permission" ("content_type_id");
CREATE UNIQUE INDEX "users_user_groups_user_id_group_id_b88eab82_uniq" ON "users_user_groups" ("user_id", "group_id");
CREATE INDEX IF NOT EXISTS "users_user_groups_user_id_5f6f5a90" ON "users_user_groups" ("user_id");
CREATE INDEX IF NOT EXISTS "users_user_groups_group_id_9afc8d0e" ON "users_user_groups" ("group_id");
CREATE UNIQUE INDEX "users_user_user_permissions_user_id_permission_id_43338c45_uniq" ON "users_user_user_permissions" ("user_id", "permission_id");
CREATE INDEX IF NOT EXISTS "users_user_user_permissions_user_id_20aca447" ON "users_user_user_permissions" ("user_id");
CREATE INDEX IF NOT EXISTS "users_user_user_permissions_permission_id_0b93982e" ON "users_user_user_permissions" ("permission_id");
CREATE INDEX IF NOT EXISTS "django_admin_log_content_type_id_c4bce8eb" ON "django_admin_log" ("content_type_id");
CREATE INDEX IF NOT EXISTS "django_admin_log_user_id_c564eba6" ON "django_admin_log" ("user_id");
CREATE INDEX IF NOT EXISTS "django_session_expire_date_a5c62663" ON "django_session" ("expire_date");
CREATE INDEX IF NOT EXISTS "store_goods_company_company_name_id_5f7b55a4" ON "store_goods_company" ("company_name_id");
CREATE INDEX IF NOT EXISTS "store_goods_company_company_goods_id_900ef196" ON "store_goods_company" ("company_goods_id");
CREATE INDEX IF NOT EXISTS "store_company_goods_company_id_adb0f41e" ON "store_company_goods" ("company_id");
CREATE INDEX IF NOT EXISTS "store_agent_company_id_5450b6d8" ON "store_agent" ("company_id");
CREATE INDEX IF NOT EXISTS "transactions_inward_agent_id_c02fc335" ON "transactions_inward" ("agent_id");
CREATE INDEX IF NOT EXISTS "transactions_inward_company_id_32443280" ON "transactions_inward" ("company_id");
CREATE INDEX IF NOT EXISTS "transactions_inward_company_goods_id_a76c74fd" ON "transactions_inward" ("company_goods_id");
CREATE INDEX IF NOT EXISTS "transactions_inward_goods_company_id_bba0f75a" ON "transactions_inward" ("goods_company_id");
CREATE INDEX IF NOT EXISTS "transactions_outward_agent_id_7d293aab" ON "transactions_outward" ("agent_id");
CREATE INDEX IF NOT EXISTS "transactions_outward_company_id_dc1a3f9c" ON "transactions_outward" ("company_id");
CREATE INDEX IF NOT EXISTS "transactions_outward_company_goods_id_e59e35c6" ON "transactions_outward" ("company_goods_id");
CREATE INDEX IF NOT EXISTS "transactions_outward_goods_company_id_e3ca0de6" ON "transactions_outward" ("goods_company_id");
CREATE INDEX IF NOT EXISTS "transactions_stock_company_id_6b396d1b" ON "transactions_stock" ("company_id");
CREATE INDEX IF NOT EXISTS "transactions_stock_company_goods_id_2fa5054b" ON "transactions_stock" ("company_goods_id");
CREATE INDEX IF NOT EXISTS "transactions_stock_goods_company_id_36fc55be" ON "transactions_stock" ("goods_company_id");
CREATE INDEX IF NOT EXISTS "transactions_supply_return_agent_id_28b5370e" ON "transactions_supply_return" ("agent_id");
CREATE INDEX IF NOT EXISTS "transactions_supply_return_company_id_03a328a1" ON "transactions_supply_return" ("company_id");
CREATE INDEX IF NOT EXISTS "transactions_supply_return_company_goods_id_5e9333a7" ON "transactions_supply_return" ("company_goods_id");
CREATE INDEX IF NOT EXISTS "transactions_supply_return_goods_company_id_fdab9079" ON "transactions_supply_return" ("goods_company_id");
CREATE TABLE IF NOT EXISTS "transactions_stock" ("id" integer NOT NULL PRIMARY KEY AUTOINCREMENT, "company_id" integer NOT NULL REFERENCES "store_company" ("id") DEFERRABLE INITIALLY DEFERRED, "company_goods_id" integer NOT NULL REFERENCES "store_company_goods" ("id") DEFERRABLE INITIALLY DEFERRED, "goods_company_id" integer NOT NULL REFERENCES "store_goods_company" ("id") DEFERRABLE INITIALLY DEFERRED, "total_bag" bigint NOT NULL);
INSERT INTO "transactions_stock" VALUES(11,5,10,14,22449);
CREATE UNIQUE INDEX "django_content_type_app_label_model_76bd3d3b_uniq" ON "django_content_type" ("app_label", "model");
CREATE UNIQUE INDEX "auth_group_permissions_group_id_permission_id_0cd325b0_uniq" ON "auth_group_permissions" ("group_id", "permission_id");
CREATE INDEX IF NOT EXISTS "auth_group_permissions_group_id_b120cbf9" ON "auth_group_permissions" ("group_id");
CREATE INDEX IF NOT EXISTS "auth_group_permissions_permission_id_84c5c92e" ON "auth_group_permissions" ("permission_id");
CREATE UNIQUE INDEX "auth_permission_content_type_id_codename_01ab375a_uniq" ON "auth_permission" ("content_type_id", "codename");
CREATE INDEX IF NOT EXISTS "auth_permission_content_type_id_2f476e4b" ON "auth_permission" ("content_type_id");
CREATE UNIQUE INDEX "users_user_groups_user_id_group_id_b88eab82_uniq" ON "users_user_groups" ("user_id", "group_id");
CREATE INDEX IF NOT EXISTS "users_user_groups_user_id_5f6f5a90" ON "users_user_groups" ("user_id");
CREATE INDEX IF NOT EXISTS "users_user_groups_group_id_9afc8d0e" ON "users_user_groups" ("group_id");
CREATE UNIQUE INDEX "users_user_user_permissions_user_id_permission_id_43338c45_uniq" ON "users_user_user_permissions" ("user_id", "permission_id");
CREATE INDEX IF NOT EXISTS "users_user_user_permissions_user_id_20aca447" ON "users_user_user_permissions" ("user_id");
CREATE INDEX IF NOT EXISTS "users_user_user_permissions_permission_id_0b93982e" ON "users_user_user_permissions" ("permission_id");
CREATE INDEX IF NOT EXISTS "django_admin_log_content_type_id_c4bce8eb" ON "django_admin_log" ("content_type_id");
CREATE INDEX IF NOT EXISTS "django_admin_log_user_id_c564eba6" ON "django_admin_log" ("user_id");
CREATE INDEX IF NOT EXISTS "django_session_expire_date_a5c62663" ON "django_session" ("expire_date");
CREATE INDEX IF NOT EXISTS "store_goods_company_company_name_id_5f7b55a4" ON "store_goods_company" ("company_name_id");
CREATE INDEX IF NOT EXISTS "store_goods_company_company_goods_id_900ef196" ON "store_goods_company" ("company_goods_id");
CREATE INDEX IF NOT EXISTS "store_company_goods_company_id_adb0f41e" ON "store_company_goods" ("company_id");
CREATE INDEX IF NOT EXISTS "store_agent_company_id_5450b6d8" ON "store_agent" ("company_id");
CREATE INDEX IF NOT EXISTS "transactions_inward_agent_id_c02fc335" ON "transactions_inward" ("agent_id");
CREATE INDEX IF NOT EXISTS "transactions_inward_company_id_32443280" ON "transactions_inward" ("company_id");
CREATE INDEX IF NOT EXISTS "transactions_inward_company_goods_id_a76c74fd" ON "transactions_inward" ("company_goods_id");
CREATE INDEX IF NOT EXISTS "transactions_inward_goods_company_id_bba0f75a" ON "transactions_inward" ("goods_company_id");
CREATE INDEX IF NOT EXISTS "transactions_outward_agent_id_7d293aab" ON "transactions_outward" ("agent_id");
CREATE INDEX IF NOT EXISTS "transactions_outward_company_id_dc1a3f9c" ON "transactions_outward" ("company_id");
CREATE INDEX IF NOT EXISTS "transactions_outward_company_goods_id_e59e35c6" ON "transactions_outward" ("company_goods_id");
CREATE INDEX IF NOT EXISTS "transactions_outward_goods_company_id_e3ca0de6" ON "transactions_outward" ("goods_company_id");
CREATE INDEX IF NOT EXISTS "transactions_stock_company_id_6b396d1b" ON "transactions_stock" ("company_id");
CREATE INDEX IF NOT EXISTS "transactions_stock_company_goods_id_2fa5054b" ON "transactions_stock" ("company_goods_id");
CREATE INDEX IF NOT EXISTS "transactions_stock_goods_company_id_36fc55be" ON "transactions_stock" ("goods_company_id");
CREATE INDEX IF NOT EXISTS "transactions_supply_return_agent_id_28b5370e" ON "transactions_supply_return" ("agent_id");
CREATE INDEX IF NOT EXISTS "transactions_supply_return_company_id_03a328a1" ON "transactions_supply_return" ("company_id");
CREATE INDEX IF NOT EXISTS "transactions_supply_return_company_goods_id_5e9333a7" ON "transactions_supply_return" ("company_goods_id");
CREATE INDEX IF NOT EXISTS "transactions_supply_return_goods_company_id_fdab9079" ON "transactions_supply_return" ("goods_company_id");
CREATE TABLE IF NOT EXISTS "transactions_supply_return" ("id" integer NOT NULL PRIMARY KEY AUTOINCREMENT, "DC_number" varchar(566) NOT NULL, "DC_date" datetime NOT NULL, "agent_id" integer NOT NULL REFERENCES "store_agent" ("id") DEFERRABLE INITIALLY DEFERRED, "company_id" integer NOT NULL REFERENCES "store_company" ("id") DEFERRABLE INITIALLY DEFERRED, "company_goods_id" integer NOT NULL REFERENCES "store_company_goods" ("id") DEFERRABLE INITIALLY DEFERRED, "goods_company_id" integer NOT NULL REFERENCES "store_goods_company" ("id") DEFERRABLE INITIALLY DEFERRED, "bags" bigint NOT NULL);
CREATE UNIQUE INDEX "django_content_type_app_label_model_76bd3d3b_uniq" ON "django_content_type" ("app_label", "model");
CREATE UNIQUE INDEX "auth_group_permissions_group_id_permission_id_0cd325b0_uniq" ON "auth_group_permissions" ("group_id", "permission_id");
CREATE INDEX IF NOT EXISTS "auth_group_permissions_group_id_b120cbf9" ON "auth_group_permissions" ("group_id");
CREATE INDEX IF NOT EXISTS "auth_group_permissions_permission_id_84c5c92e" ON "auth_group_permissions" ("permission_id");
CREATE UNIQUE INDEX "auth_permission_content_type_id_codename_01ab375a_uniq" ON "auth_permission" ("content_type_id", "codename");
CREATE INDEX IF NOT EXISTS "auth_permission_content_type_id_2f476e4b" ON "auth_permission" ("content_type_id");
CREATE UNIQUE INDEX "users_user_groups_user_id_group_id_b88eab82_uniq" ON "users_user_groups" ("user_id", "group_id");
CREATE INDEX IF NOT EXISTS "users_user_groups_user_id_5f6f5a90" ON "users_user_groups" ("user_id");
CREATE INDEX IF NOT EXISTS "users_user_groups_group_id_9afc8d0e" ON "users_user_groups" ("group_id");
CREATE UNIQUE INDEX "users_user_user_permissions_user_id_permission_id_43338c45_uniq" ON "users_user_user_permissions" ("user_id", "permission_id");
CREATE INDEX IF NOT EXISTS "users_user_user_permissions_user_id_20aca447" ON "users_user_user_permissions" ("user_id");
CREATE INDEX IF NOT EXISTS "users_user_user_permissions_permission_id_0b93982e" ON "users_user_user_permissions" ("permission_id");
CREATE INDEX IF NOT EXISTS "django_admin_log_content_type_id_c4bce8eb" ON "django_admin_log" ("content_type_id");
CREATE INDEX IF NOT EXISTS "django_admin_log_user_id_c564eba6" ON "django_admin_log" ("user_id");
CREATE INDEX IF NOT EXISTS "django_session_expire_date_a5c62663" ON "django_session" ("expire_date");
CREATE INDEX IF NOT EXISTS "store_goods_company_company_name_id_5f7b55a4" ON "store_goods_company" ("company_name_id");
CREATE INDEX IF NOT EXISTS "store_goods_company_company_goods_id_900ef196" ON "store_goods_company" ("company_goods_id");
CREATE INDEX IF NOT EXISTS "store_company_goods_company_id_adb0f41e" ON "store_company_goods" ("company_id");
CREATE INDEX IF NOT EXISTS "store_agent_company_id_5450b6d8" ON "store_agent" ("company_id");
CREATE INDEX IF NOT EXISTS "transactions_inward_agent_id_c02fc335" ON "transactions_inward" ("agent_id");
CREATE INDEX IF NOT EXISTS "transactions_inward_company_id_32443280" ON "transactions_inward" ("company_id");
CREATE INDEX IF NOT EXISTS "transactions_inward_company_goods_id_a76c74fd" ON "transactions_inward" ("company_goods_id");
CREATE INDEX IF NOT EXISTS "transactions_inward_goods_company_id_bba0f75a" ON "transactions_inward" ("goods_company_id");
CREATE INDEX IF NOT EXISTS "transactions_outward_agent_id_7d293aab" ON "transactions_outward" ("agent_id");
CREATE INDEX IF NOT EXISTS "transactions_outward_company_id_dc1a3f9c" ON "transactions_outward" ("company_id");
CREATE INDEX IF NOT EXISTS "transactions_outward_company_goods_id_e59e35c6" ON "transactions_outward" ("company_goods_id");
CREATE INDEX IF NOT EXISTS "transactions_outward_goods_company_id_e3ca0de6" ON "transactions_outward" ("goods_company_id");
CREATE INDEX IF NOT EXISTS "transactions_stock_company_id_6b396d1b" ON "transactions_stock" ("company_id");
CREATE INDEX IF NOT EXISTS "transactions_stock_company_goods_id_2fa5054b" ON "transactions_stock" ("company_goods_id");
CREATE INDEX IF NOT EXISTS "transactions_stock_goods_company_id_36fc55be" ON "transactions_stock" ("goods_company_id");
CREATE INDEX IF NOT EXISTS "transactions_supply_return_agent_id_28b5370e" ON "transactions_supply_return" ("agent_id");
CREATE INDEX IF NOT EXISTS "transactions_supply_return_company_id_03a328a1" ON "transactions_supply_return" ("company_id");
CREATE INDEX IF NOT EXISTS "transactions_supply_return_company_goods_id_5e9333a7" ON "transactions_supply_return" ("company_goods_id");
CREATE INDEX IF NOT EXISTS "transactions_supply_return_goods_company_id_fdab9079" ON "transactions_supply_return" ("goods_company_id");
CREATE TABLE IF NOT EXISTS "users_user" ("id" integer NOT NULL PRIMARY KEY AUTOINCREMENT, "password" varchar(128) NOT NULL, "last_login" datetime NULL, "is_superuser" bool NOT NULL, "username" varchar(150) NOT NULL UNIQUE, "first_name" varchar(30) NOT NULL, "last_name" varchar(150) NOT NULL, "email" varchar(254) NOT NULL, "is_staff" bool NOT NULL, "is_active" bool NOT NULL, "is_supplier" bool NOT NULL, "is_admin" bool NOT NULL, "is_buyer" bool NOT NULL, "date_joined" datetime NOT NULL);
INSERT INTO "users_user" VALUES(1,'pbkdf2_sha256$180000$KMfEYVZkJUe6$4UQ6c24COX4WSHT9vn6pXMapmnE+qNR6djnLV4WuxC4=','2022-03-06 15:18:22.466500',1,'admin','','','admin@gmail.com',1,1,0,0,0,'2022-01-25 14:07:23.630068');
CREATE UNIQUE INDEX "django_content_type_app_label_model_76bd3d3b_uniq" ON "django_content_type" ("app_label", "model");
CREATE UNIQUE INDEX "auth_group_permissions_group_id_permission_id_0cd325b0_uniq" ON "auth_group_permissions" ("group_id", "permission_id");
CREATE INDEX IF NOT EXISTS "auth_group_permissions_group_id_b120cbf9" ON "auth_group_permissions" ("group_id");
CREATE INDEX IF NOT EXISTS "auth_group_permissions_permission_id_84c5c92e" ON "auth_group_permissions" ("permission_id");
CREATE UNIQUE INDEX "auth_permission_content_type_id_codename_01ab375a_uniq" ON "auth_permission" ("content_type_id", "codename");
CREATE INDEX IF NOT EXISTS "auth_permission_content_type_id_2f476e4b" ON "auth_permission" ("content_type_id");
CREATE UNIQUE INDEX "users_user_groups_user_id_group_id_b88eab82_uniq" ON "users_user_groups" ("user_id", "group_id");
CREATE INDEX IF NOT EXISTS "users_user_groups_user_id_5f6f5a90" ON "users_user_groups" ("user_id");
CREATE INDEX IF NOT EXISTS "users_user_groups_group_id_9afc8d0e" ON "users_user_groups" ("group_id");
CREATE UNIQUE INDEX "users_user_user_permissions_user_id_permission_id_43338c45_uniq" ON "users_user_user_permissions" ("user_id", "permission_id");
CREATE INDEX IF NOT EXISTS "users_user_user_permissions_user_id_20aca447" ON "users_user_user_permissions" ("user_id");
CREATE INDEX IF NOT EXISTS "users_user_user_permissions_permission_id_0b93982e" ON "users_user_user_permissions" ("permission_id");
CREATE INDEX IF NOT EXISTS "django_admin_log_content_type_id_c4bce8eb" ON "django_admin_log" ("content_type_id");
CREATE INDEX IF NOT EXISTS "django_admin_log_user_id_c564eba6" ON "django_admin_log" ("user_id");
CREATE INDEX IF NOT EXISTS "django_session_expire_date_a5c62663" ON "django_session" ("expire_date");
CREATE INDEX IF NOT EXISTS "store_goods_company_company_name_id_5f7b55a4" ON "store_goods_company" ("company_name_id");
CREATE INDEX IF NOT EXISTS "store_goods_company_company_goods_id_900ef196" ON "store_goods_company" ("company_goods_id");
CREATE INDEX IF NOT EXISTS "store_company_goods_company_id_adb0f41e" ON "store_company_goods" ("company_id");
CREATE INDEX IF NOT EXISTS "store_agent_company_id_5450b6d8" ON "store_agent" ("company_id");
CREATE INDEX IF NOT EXISTS "transactions_inward_agent_id_c02fc335" ON "transactions_inward" ("agent_id");
CREATE INDEX IF NOT EXISTS "transactions_inward_company_id_32443280" ON "transactions_inward" ("company_id");
CREATE INDEX IF NOT EXISTS "transactions_inward_company_goods_id_a76c74fd" ON "transactions_inward" ("company_goods_id");
CREATE INDEX IF NOT EXISTS "transactions_inward_goods_company_id_bba0f75a" ON "transactions_inward" ("goods_company_id");
CREATE INDEX IF NOT EXISTS "transactions_outward_agent_id_7d293aab" ON "transactions_outward" ("agent_id");
CREATE INDEX IF NOT EXISTS "transactions_outward_company_id_dc1a3f9c" ON "transactions_outward" ("company_id");
CREATE INDEX IF NOT EXISTS "transactions_outward_company_goods_id_e59e35c6" ON "transactions_outward" ("company_goods_id");
CREATE INDEX IF NOT EXISTS "transactions_outward_goods_company_id_e3ca0de6" ON "transactions_outward" ("goods_company_id");
CREATE INDEX IF NOT EXISTS "transactions_stock_company_id_6b396d1b" ON "transactions_stock" ("company_id");
CREATE INDEX IF NOT EXISTS "transactions_stock_company_goods_id_2fa5054b" ON "transactions_stock" ("company_goods_id");
CREATE INDEX IF NOT EXISTS "transactions_stock_goods_company_id_36fc55be" ON "transactions_stock" ("goods_company_id");
CREATE INDEX IF NOT EXISTS "transactions_supply_return_agent_id_28b5370e" ON "transactions_supply_return" ("agent_id");
CREATE INDEX IF NOT EXISTS "transactions_supply_return_company_id_03a328a1" ON "transactions_supply_return" ("company_id");
CREATE INDEX IF NOT EXISTS "transactions_supply_return_company_goods_id_5e9333a7" ON "transactions_supply_return" ("company_goods_id");
CREATE INDEX IF NOT EXISTS "transactions_supply_return_goods_company_id_fdab9079" ON "transactions_supply_return" ("goods_company_id");
CREATE TABLE IF NOT EXISTS "users_user_groups" ("id" integer NOT NULL PRIMARY KEY AUTOINCREMENT, "user_id" integer NOT NULL REFERENCES "users_user" ("id") DEFERRABLE INITIALLY DEFERRED, "group_id" integer NOT NULL REFERENCES "auth_group" ("id") DEFERRABLE INITIALLY DEFERRED);
CREATE UNIQUE INDEX "django_content_type_app_label_model_76bd3d3b_uniq" ON "django_content_type" ("app_label", "model");
CREATE UNIQUE INDEX "auth_group_permissions_group_id_permission_id_0cd325b0_uniq" ON "auth_group_permissions" ("group_id", "permission_id");
CREATE INDEX IF NOT EXISTS "auth_group_permissions_group_id_b120cbf9" ON "auth_group_permissions" ("group_id");
CREATE INDEX IF NOT EXISTS "auth_group_permissions_permission_id_84c5c92e" ON "auth_group_permissions" ("permission_id");
CREATE UNIQUE INDEX "auth_permission_content_type_id_codename_01ab375a_uniq" ON "auth_permission" ("content_type_id", "codename");
CREATE INDEX IF NOT EXISTS "auth_permission_content_type_id_2f476e4b" ON "auth_permission" ("content_type_id");
CREATE UNIQUE INDEX "users_user_groups_user_id_group_id_b88eab82_uniq" ON "users_user_groups" ("user_id", "group_id");
CREATE INDEX IF NOT EXISTS "users_user_groups_user_id_5f6f5a90" ON "users_user_groups" ("user_id");
CREATE INDEX IF NOT EXISTS "users_user_groups_group_id_9afc8d0e" ON "users_user_groups" ("group_id");
CREATE UNIQUE INDEX "users_user_user_permissions_user_id_permission_id_43338c45_uniq" ON "users_user_user_permissions" ("user_id", "permission_id");
CREATE INDEX IF NOT EXISTS "users_user_user_permissions_user_id_20aca447" ON "users_user_user_permissions" ("user_id");
CREATE INDEX IF NOT EXISTS "users_user_user_permissions_permission_id_0b93982e" ON "users_user_user_permissions" ("permission_id");
CREATE INDEX IF NOT EXISTS "django_admin_log_content_type_id_c4bce8eb" ON "django_admin_log" ("content_type_id");
CREATE INDEX IF NOT EXISTS "django_admin_log_user_id_c564eba6" ON "django_admin_log" ("user_id");
CREATE INDEX IF NOT EXISTS "django_session_expire_date_a5c62663" ON "django_session" ("expire_date");
CREATE INDEX IF NOT EXISTS "store_goods_company_company_name_id_5f7b55a4" ON "store_goods_company" ("company_name_id");
CREATE INDEX IF NOT EXISTS "store_goods_company_company_goods_id_900ef196" ON "store_goods_company" ("company_goods_id");
CREATE INDEX IF NOT EXISTS "store_company_goods_company_id_adb0f41e" ON "store_company_goods" ("company_id");
CREATE INDEX IF NOT EXISTS "store_agent_company_id_5450b6d8" ON "store_agent" ("company_id");
CREATE INDEX IF NOT EXISTS "transactions_inward_agent_id_c02fc335" ON "transactions_inward" ("agent_id");
CREATE INDEX IF NOT EXISTS "transactions_inward_company_id_32443280" ON "transactions_inward" ("company_id");
CREATE INDEX IF NOT EXISTS "transactions_inward_company_goods_id_a76c74fd" ON "transactions_inward" ("company_goods_id");
CREATE INDEX IF NOT EXISTS "transactions_inward_goods_company_id_bba0f75a" ON "transactions_inward" ("goods_company_id");
CREATE INDEX IF NOT EXISTS "transactions_outward_agent_id_7d293aab" ON "transactions_outward" ("agent_id");
CREATE INDEX IF NOT EXISTS "transactions_outward_company_id_dc1a3f9c" ON "transactions_outward" ("company_id");
CREATE INDEX IF NOT EXISTS "transactions_outward_company_goods_id_e59e35c6" ON "transactions_outward" ("company_goods_id");
CREATE INDEX IF NOT EXISTS "transactions_outward_goods_company_id_e3ca0de6" ON "transactions_outward" ("goods_company_id");
CREATE INDEX IF NOT EXISTS "transactions_stock_company_id_6b396d1b" ON "transactions_stock" ("company_id");
CREATE INDEX IF NOT EXISTS "transactions_stock_company_goods_id_2fa5054b" ON "transactions_stock" ("company_goods_id");
CREATE INDEX IF NOT EXISTS "transactions_stock_goods_company_id_36fc55be" ON "transactions_stock" ("goods_company_id");
CREATE INDEX IF NOT EXISTS "transactions_supply_return_agent_id_28b5370e" ON "transactions_supply_return" ("agent_id");
CREATE INDEX IF NOT EXISTS "transactions_supply_return_company_id_03a328a1" ON "transactions_supply_return" ("company_id");
CREATE INDEX IF NOT EXISTS "transactions_supply_return_company_goods_id_5e9333a7" ON "transactions_supply_return" ("company_goods_id");
CREATE INDEX IF NOT EXISTS "transactions_supply_return_goods_company_id_fdab9079" ON "transactions_supply_return" ("goods_company_id");
CREATE TABLE IF NOT EXISTS "users_user_user_permissions" ("id" integer NOT NULL PRIMARY KEY AUTOINCREMENT, "user_id" integer NOT NULL REFERENCES "users_user" ("id") DEFERRABLE INITIALLY DEFERRED, "permission_id" integer NOT NULL REFERENCES "auth_permission" ("id") DEFERRABLE INITIALLY DEFERRED);
CREATE UNIQUE INDEX "django_content_type_app_label_model_76bd3d3b_uniq" ON "django_content_type" ("app_label", "model");
CREATE UNIQUE INDEX "auth_group_permissions_group_id_permission_id_0cd325b0_uniq" ON "auth_group_permissions" ("group_id", "permission_id");
CREATE INDEX IF NOT EXISTS "auth_group_permissions_group_id_b120cbf9" ON "auth_group_permissions" ("group_id");
CREATE INDEX IF NOT EXISTS "auth_group_permissions_permission_id_84c5c92e" ON "auth_group_permissions" ("permission_id");
CREATE UNIQUE INDEX "auth_permission_content_type_id_codename_01ab375a_uniq" ON "auth_permission" ("content_type_id", "codename");
CREATE INDEX IF NOT EXISTS "auth_permission_content_type_id_2f476e4b" ON "auth_permission" ("content_type_id");
CREATE UNIQUE INDEX "users_user_groups_user_id_group_id_b88eab82_uniq" ON "users_user_groups" ("user_id", "group_id");
CREATE INDEX IF NOT EXISTS "users_user_groups_user_id_5f6f5a90" ON "users_user_groups" ("user_id");
CREATE INDEX IF NOT EXISTS "users_user_groups_group_id_9afc8d0e" ON "users_user_groups" ("group_id");
CREATE UNIQUE INDEX "users_user_user_permissions_user_id_permission_id_43338c45_uniq" ON "users_user_user_permissions" ("user_id", "permission_id");
CREATE INDEX IF NOT EXISTS "users_user_user_permissions_user_id_20aca447" ON "users_user_user_permissions" ("user_id");
CREATE INDEX IF NOT EXISTS "users_user_user_permissions_permission_id_0b93982e" ON "users_user_user_permissions" ("permission_id");
CREATE INDEX IF NOT EXISTS "django_admin_log_content_type_id_c4bce8eb" ON "django_admin_log" ("content_type_id");
CREATE INDEX IF NOT EXISTS "django_admin_log_user_id_c564eba6" ON "django_admin_log" ("user_id");
CREATE INDEX IF NOT EXISTS "django_session_expire_date_a5c62663" ON "django_session" ("expire_date");
CREATE INDEX IF NOT EXISTS "store_goods_company_company_name_id_5f7b55a4" ON "store_goods_company" ("company_name_id");
CREATE INDEX IF NOT EXISTS "store_goods_company_company_goods_id_900ef196" ON "store_goods_company" ("company_goods_id");
CREATE INDEX IF NOT EXISTS "store_company_goods_company_id_adb0f41e" ON "store_company_goods" ("company_id");
CREATE INDEX IF NOT EXISTS "store_agent_company_id_5450b6d8" ON "store_agent" ("company_id");
CREATE INDEX IF NOT EXISTS "transactions_inward_agent_id_c02fc335" ON "transactions_inward" ("agent_id");
CREATE INDEX IF NOT EXISTS "transactions_inward_company_id_32443280" ON "transactions_inward" ("company_id");
CREATE INDEX IF NOT EXISTS "transactions_inward_company_goods_id_a76c74fd" ON "transactions_inward" ("company_goods_id");
CREATE INDEX IF NOT EXISTS "transactions_inward_goods_company_id_bba0f75a" ON "transactions_inward" ("goods_company_id");
CREATE INDEX IF NOT EXISTS "transactions_outward_agent_id_7d293aab" ON "transactions_outward" ("agent_id");
CREATE INDEX IF NOT EXISTS "transactions_outward_company_id_dc1a3f9c" ON "transactions_outward" ("company_id");
CREATE INDEX IF NOT EXISTS "transactions_outward_company_goods_id_e59e35c6" ON "transactions_outward" ("company_goods_id");
CREATE INDEX IF NOT EXISTS "transactions_outward_goods_company_id_e3ca0de6" ON "transactions_outward" ("goods_company_id");
CREATE INDEX IF NOT EXISTS "transactions_stock_company_id_6b396d1b" ON "transactions_stock" ("company_id");
CREATE INDEX IF NOT EXISTS "transactions_stock_company_goods_id_2fa5054b" ON "transactions_stock" ("company_goods_id");
CREATE INDEX IF NOT EXISTS "transactions_stock_goods_company_id_36fc55be" ON "transactions_stock" ("goods_company_id");
CREATE INDEX IF NOT EXISTS "transactions_supply_return_agent_id_28b5370e" ON "transactions_supply_return" ("agent_id");
CREATE INDEX IF NOT EXISTS "transactions_supply_return_company_id_03a328a1" ON "transactions_supply_return" ("company_id");
CREATE INDEX IF NOT EXISTS "transactions_supply_return_company_goods_id_5e9333a7" ON "transactions_supply_return" ("company_goods_id");
CREATE INDEX IF NOT EXISTS "transactions_supply_return_goods_company_id_fdab9079" ON "transactions_supply_return" ("goods_company_id");
